rel,rr,lo,hi,outcome
-13,1.2528144196040194,0.6819733321183213,2.3014741135001486,gunshots
-12,1.4059945192960055,0.6650991468318993,2.9722194017338555,gunshots
-11,1.0121394028070312,0.511142564173492,2.004188738167505,gunshots
-10,1.1262259850204073,0.609103722013789,2.0823792787568496,gunshots
-9,1.2446716531043647,0.5269934467839327,2.939709276264923,gunshots
-8,1.4619889264880814,0.7126824183450643,2.9991081106464,gunshots
-7,1.5138790778796747,0.7366291656324814,3.1112396431846583,gunshots
-6,0.9793381960747657,0.4422560750231572,2.1686605486216464,gunshots
-5,1.4150569432466462,0.7728174032329146,2.591021041003984,gunshots
-4,0.9976805605356096,0.4536075792512031,2.1943339273866607,gunshots
-3,1.1620684473259009,0.6069197420127637,2.225010957448853,gunshots
-2,0.8043333078291248,0.40778512953505525,1.586502359271849,gunshots
0,0.44499537236758013,0.1795658843553299,1.1027756310141412,gunshots
1,1.6228901398389737,0.6256275411980158,4.209808923921645,gunshots
2,1.217122691233098,0.47663533428316973,3.108010545929027,gunshots
3,0.7948272059685536,0.32581669550156483,1.9389745708864181,gunshots
4,1.0268423568657576,0.4564556457224552,2.309983972670036,gunshots
5,1.0315149294841537,0.40822287004107305,2.6064758440448044,gunshots
6,1.152097072719853,0.6167735006002182,2.152050410203996,gunshots
7,0.6828380246201682,0.14421025757092043,3.2332496711467975,gunshots
8,1.8747089798403902,0.7091145762137817,4.956228340220503,gunshots
9,1.4600060481064412,0.679386647731449,3.1375618988467124,gunshots
10,2.455796282174745,1.0160996149418315,5.935378077954053,gunshots
-13,0.7964014280533586,0.47895664341684824,1.3242435266805983,violent_ex_adw
-12,0.508054178214823,0.24883632369669578,1.0373045388508388,violent_ex_adw
-11,1.0019016294323249,0.5039112873369848,1.9920309393424318,violent_ex_adw
-10,0.9134244421124288,0.4674383213350797,1.7849289914129831,violent_ex_adw
-9,1.100159617875051,0.5745550491082166,2.106588718838341,violent_ex_adw
-8,0.6238506162129132,0.29813479950905974,1.3054148391603804,violent_ex_adw
-7,0.9770029807032141,0.5255957474905548,1.8161007368502702,violent_ex_adw
-6,0.8612704863628828,0.4128452438883757,1.7967673399679993,violent_ex_adw
-5,0.9997157129597821,0.5055365293083494,1.976971887879318,violent_ex_adw
-4,0.7118152388046279,0.3302055645395939,1.5344409319720442,violent_ex_adw
-3,1.4544579521569396,0.6918675025301793,3.057591123815333,violent_ex_adw
-2,0.9979660896025466,0.5233367160588376,1.9030507232453133,violent_ex_adw
0,0.8561400919084071,0.4433237468924836,1.6533647523075266,violent_ex_adw
1,0.9515271118132925,0.4533273032838971,1.9972409293616606,violent_ex_adw
2,0.6473045783755932,0.2849040153266395,1.47068203551158,violent_ex_adw
3,0.9916232671549763,0.49142343430684066,2.000956070298298,violent_ex_adw
4,1.1161020430053632,0.5397148134591891,2.3080407269476186,violent_ex_adw
5,1.2701520078260984,0.6578499139755252,2.452361988215887,violent_ex_adw
6,1.2402830429892244,0.6098915119570695,2.522255182385441,violent_ex_adw
7,1.3993436469696707,0.7812146928067583,2.506561461714278,violent_ex_adw
8,0.9522088972510501,0.48199636679314556,1.8811382127973226,violent_ex_adw
9,0.9684386522204194,0.503911962709456,1.86118507302685,violent_ex_adw
10,1.1433407943640495,0.6645325244619403,1.9671394912016589,violent_ex_adw
-13,1.7166182715102793,0.8606836107865471,3.4237648459344845,gun_violent
-12,1.2513984677613241,0.5243991265426314,2.9862714216174067,gun_violent
-11,1.6913336920206383,0.769279240092873,3.7185582408525804,gun_violent
-10,1.8855545545392385,0.7162188321485053,4.964007951980916,gun_violent
-9,2.244312889018512,0.9879622225327797,5.098312697525738,gun_violent
-8,1.100618829176527,0.49519050761886757,2.4462540951416134,gun_violent
-7,2.629745010701507,1.2206355308242252,5.665539505178741,gun_violent
-6,1.3091330478180878,0.4461834485339121,3.841086760436423,gun_violent
-5,0.890837053935383,0.36637694723406933,2.166049645468733,gun_violent
-4,1.4340142016645359,0.561844544743626,3.660081333554508,gun_violent
-3,2.9079577329170756,1.1573664439355567,7.306431096859302,gun_violent
-2,1.6055969172088724,0.5853683964685505,4.4039641977650525,gun_violent
0,1.445572358349419,0.5580377622001713,3.744691819752373,gun_violent
1,1.6636084209842175,0.5314271002674817,5.207850666585495,gun_violent
2,0.8176968708972709,0.2673907154955607,2.5005661525532252,gun_violent
3,1.4716400090929027,0.5229706685446426,4.141196527120497,gun_violent
4,1.9693162613209134,0.7609801578027371,5.096330695797587,gun_violent
5,2.214923598878918,0.9154626453346429,5.358915051173297,gun_violent
6,2.0135962069803632,0.8272805623930776,4.901081772110102,gun_violent
7,0.8927955070519017,0.27574337472004246,2.8906725981044077,gun_violent
8,1.5151327254037452,0.5294857067279443,4.335579122193189,gun_violent
9,1.58512395327703,0.5587348240053744,4.496977527265119,gun_violent
10,1.315408157290459,0.564722394530066,3.063980881626183,gun_violent
-13,1.0111954690375737,0.8560344628198214,1.1944802703782484,property
-12,0.994786229362226,0.8293821132165169,1.1931769764009517,property
-11,1.1491030747922235,0.964699993660909,1.368754934356385,property
-10,0.9376263167314423,0.7720590675387669,1.138699287128348,property
-9,0.9547542425566936,0.791066604011908,1.1523121555846694,property
-8,0.9159980208317248,0.752876912917131,1.1144615537705977,property
-7,0.7744269053516722,0.6495234066179276,0.9233493752833365,property
-6,0.91001065576838,0.7798230736764693,1.061932406934095,property
-5,1.1498626902767344,0.9509575171611218,1.3903714757285313,property
-4,1.2579302050912768,1.0370361592038193,1.5258758210474113,property
-3,1.0448921065967909,0.8689765895325954,1.2564199399382392,property
-2,1.1247133436637005,0.9370405686240263,1.3499736807262352,property
0,1.1753936621909225,0.9984318625971446,1.383720124400745,property
1,1.1687923196741559,0.9773255668613853,1.3977691087283768,property
2,1.1179802119138125,0.9023188235415963,1.3851863904657136,property
3,1.0635812636109168,0.9009147421284052,1.2556183747551182,property
4,0.934050572691309,0.756163908064234,1.1537848646841924,property
5,1.034223778525107,0.8590218096277602,1.2451591008268428,property
6,0.8601608042761262,0.6660857423698466,1.1107828349253763,property
7,1.084385535418951,0.8569596639075411,1.3721672547154031,property
8,0.971316304656329,0.7694848167235764,1.2260870431575337,property
9,1.1109379169609837,0.8873163858573337,1.3909165603305407,property
10,1.015381606083789,0.8470222101266357,1.2172051613843196,property
-13,0.8819444330688072,0.7068381425852028,1.100430121351721,theft_other
-12,0.8206685468673465,0.6380441462312656,1.0555646780798869,theft_other
-11,1.0619319069741404,0.8312431428620477,1.356642018323255,theft_other
-10,0.731355851048737,0.5612557625142185,0.953008265727467,theft_other
-9,0.8310462076685744,0.6295657265882272,1.0970066668385154,theft_other
-8,0.8187777258541561,0.632470966570344,1.0599648043770582,theft_other
-7,0.8080247226093008,0.6461061930344532,1.0105211177151212,theft_other
-6,0.9145403649278068,0.7184050738177149,1.1642235133969927,theft_other
-5,0.975614077573168,0.7634463905944263,1.2467448141549868,theft_other
-4,1.113350977211487,0.8764322756411608,1.4143139554633246,theft_other
-3,1.0456001258881877,0.8392957132380257,1.3026155215775994,theft_other
-2,1.0306668607024063,0.8137915712547987,1.3053393710040706,theft_other
0,1.0917388138893533,0.8589096936046854,1.3876821354179563,theft_other
1,1.0440922146742806,0.8232916479446252,1.324109816326919,theft_other
2,0.9958752004482538,0.7579409121641818,1.308502284216342,theft_other
3,0.8990603752085647,0.7146006069146658,1.1311347211977525,theft_other
4,0.8028036977175399,0.6199121689118239,1.039653372509659,theft_other
5,0.87677413755476,0.6838337847168031,1.1241516658953161,theft_other
6,0.6988171671031369,0.49968075822010793,0.9773148655504936,theft_other
7,0.9589806631327008,0.701085337140514,1.311743183808901,theft_other
8,0.803990754819017,0.5919544032386003,1.091977912991225,theft_other
9,0.9617532146116999,0.7073158487808637,1.3077174043395525,theft_other
10,0.8470123947336595,0.6507865025819706,1.1024045427894902,theft_other
-13,1.4656364523619005,1.0854466188542442,1.978992032569431,theft_auto
-12,1.267493423427181,0.9103947935972179,1.7646625285314734,theft_auto
-11,0.9225768556739006,0.6488730177432369,1.3117328527319745,theft_auto
-10,1.2343679847506555,0.9024254296444082,1.6884102239647425,theft_auto
-9,1.0447515607016755,0.7100176612210882,1.537293905776112,theft_auto
-8,1.1010578969320857,0.7385772762828019,1.641437573733728,theft_auto
-7,0.8846971773817806,0.5954015354545347,1.3145567303076873,theft_auto
-6,1.0281196379459003,0.7630286102094892,1.3853084612905957,theft_auto
-5,1.7645215831243157,1.1968073808639688,2.6015351067302883,theft_auto
-4,1.7696927866249985,1.1878466504276508,2.6365461887736363,theft_auto
-3,1.3123951373508465,0.9184705157886882,1.875270862737649,theft_auto
-2,1.4686464501392311,1.0024005050297207,2.151757091784998,theft_auto
0,1.1351835570852191,0.8156354953981662,1.5799235265595923,theft_auto
1,1.1037553170052068,0.7400060480553359,1.6463051930707524,theft_auto
2,0.8094019740759374,0.5456019477015734,1.200750031039772,theft_auto
3,1.4189556120286089,0.9664973987978124,2.083228606111011,theft_auto
4,1.0464717384317932,0.7252085697341376,1.5100526180184626,theft_auto
5,1.4985360282612645,1.0546663789239061,2.1292138185805065,theft_auto
6,1.2622220550849756,0.8016996791900394,1.987283464990981,theft_auto
7,1.0325414885164967,0.6625503044225789,1.6091486463613038,theft_auto
8,1.2298752611849648,0.8315383048282624,1.8190300426234496,theft_auto
9,1.4902661196140818,1.0179341274665417,2.1817650546769896,theft_auto
10,1.4378774973584136,1.0942532842945556,1.8894087201598555,theft_auto
