month,count_total,count_violent,count_property,count_gun_violent,count_violent_ex_adw,count_homicide,count_sex_abuse,count_adw,count_robbery,count_burglary,count_mvt,count_theft_auto,count_theft_other,count_arson,norm_total,norm_violent,norm_property,norm_gun_violent,norm_violent_ex_adw,norm_homicide,norm_sex_abuse,norm_adw,norm_robbery,norm_burglary,norm_mvt,norm_theft_auto,norm_theft_other,norm_arson,ratio_total,ratio_violent,ratio_property,ratio_gun_violent,ratio_violent_ex_adw,ratio_homicide,ratio_sex_abuse,ratio_adw,ratio_robbery,ratio_burglary,ratio_mvt,ratio_theft_auto,ratio_theft_other,ratio_arson,post_frac
2015-01-01,2886,446,2440,152,268,8,17,178,243,208,249,868,1115,0,2521.7,355.7,2166.0,176.8,235.1,12.1,18.1,120.6,204.9,110.0,289.4,780.6,984.9,1.1,1.1445,1.2539,1.1265,0.8597,1.1399,0.6612,0.9392,1.476,1.1859,1.8909,0.8604,1.112,1.1321,0.0,0.0
2015-02-01,1898,284,1614,90,164,8,20,120,136,124,172,548,770,0,2198.8,294.1,1904.7,134.5,184.9,11.3,14.7,109.2,158.9,87.9,254.0,645.8,916.5,0.5,0.8632,0.9657,0.8474,0.6691,0.887,0.708,1.3605,1.0989,0.8559,1.4107,0.6772,0.8486,0.8402,0.0,0.0
2015-03-01,2486,454,2032,123,256,10,21,198,225,173,191,792,876,0,2271.0,284.8,1986.2,124.5,172.5,11.7,15.1,112.3,145.7,94.3,259.1,662.3,970.3,0.2,1.0947,1.5941,1.0231,0.988,1.4841,0.8547,1.3907,1.7631,1.5443,1.8346,0.7372,1.1958,0.9028,0.0,0.0
2015-04-01,2938,517,2421,180,324,8,32,193,284,205,202,917,1094,3,2286.8,318.4,1968.4,142.8,189.4,12.8,18.4,129.0,158.2,94.2,278.0,650.7,944.5,1.0,1.2848,1.6237,1.2299,1.2605,1.7107,0.625,1.7391,1.4961,1.7952,2.1762,0.7266,1.4093,1.1583,3.0,0.0
2015-05-01,3341,552,2789,182,334,13,38,218,283,181,266,1131,1209,2,2603.0,355.0,2248.0,169.8,208.2,16.4,17.5,146.8,174.3,113.5,328.4,753.4,1051.7,1.0,1.2835,1.5549,1.2407,1.0718,1.6042,0.7927,2.1714,1.485,1.6236,1.5947,0.81,1.5012,1.1496,2.0,0.0
2015-06-01,3424,541,2883,180,349,18,25,192,306,224,309,1045,1304,1,2670.8,378.2,2292.6,189.2,233.7,14.8,19.0,144.5,199.9,127.5,323.4,743.7,1097.1,0.9,1.282,1.4305,1.2575,0.9514,1.4934,1.2162,1.3158,1.3287,1.5308,1.7569,0.9555,1.4051,1.1886,1.1111,0.0
2015-07-01,3644,649,2995,239,404,16,28,245,360,227,287,1074,1404,3,2801.5,404.1,2397.4,197.2,259.8,18.7,19.5,144.3,221.6,115.0,334.5,767.0,1180.7,0.2,1.3007,1.606,1.2493,1.212,1.555,0.8556,1.4359,1.6979,1.6245,1.9739,0.858,1.4003,1.1891,15.0,0.0
2015-08-01,3465,567,2898,209,345,20,39,222,286,223,273,1064,1337,1,2899.9,397.5,2502.4,187.8,248.8,15.9,23.7,148.7,209.2,124.5,331.6,829.7,1216.2,0.4,1.1949,1.4264,1.1581,1.1129,1.3867,1.2579,1.6456,1.4929,1.3671,1.7912,0.8233,1.2824,1.0993,2.5,0.0
2015-09-01,3228,511,2717,163,308,12,28,203,268,249,267,902,1297,2,2861.1,395.8,2465.3,180.5,251.0,16.4,19.6,144.8,215.0,133.5,315.2,819.7,1196.4,0.5,1.1282,1.2911,1.1021,0.903,1.2271,0.7317,1.4286,1.4019,1.2465,1.8652,0.8471,1.1004,1.0841,4.0,0.0
2015-10-01,3373,577,2796,204,380,14,30,197,336,259,244,944,1347,2,3009.0,421.7,2587.3,196.5,279.6,17.1,19.5,142.1,243.0,135.8,318.0,874.3,1258.7,0.5,1.121,1.3683,1.0807,1.0382,1.3591,0.8187,1.5385,1.3863,1.3827,1.9072,0.7673,1.0797,1.0702,4.0,0.0
2015-11-01,3116,526,2590,184,329,16,27,197,286,235,232,905,1216,2,2756.0,376.2,2379.8,184.3,248.2,14.5,17.4,128.0,216.3,115.0,291.7,834.6,1138.1,0.4,1.1306,1.3982,1.0883,0.9984,1.3255,1.1034,1.5517,1.5391,1.3222,2.0435,0.7953,1.0844,1.0684,5.0,0.0
2015-12-01,3374,576,2798,229,354,12,23,222,319,228,204,1084,1280,2,2700.9,345.4,2355.5,171.9,220.9,14.1,15.8,124.5,191.0,115.5,286.9,849.4,1103.2,0.5,1.2492,1.6676,1.1879,1.3322,1.6025,0.8511,1.4557,1.7831,1.6702,1.974,0.711,1.2762,1.1603,4.0,0.0
2016-01-01,2607,521,2086,206,344,7,36,177,301,152,177,777,979,1,2521.7,355.7,2166.0,176.8,235.1,12.1,18.1,120.6,204.9,110.0,289.4,780.6,984.9,1.1,1.0338,1.4647,0.9631,1.1652,1.4632,0.5785,1.989,1.4677,1.469,1.3818,0.6116,0.9954,0.994,0.9091,0.0
2016-02-01,2411,412,1999,148,258,8,20,154,230,129,162,798,908,2,2282.13,304.77,1977.37,140.17,189.57,11.3,15.37,115.2,162.9,91.57,262.0,667.8,955.17,0.83,1.0565,1.3519,1.0109,1.0559,1.361,0.708,1.3015,1.3368,1.4119,1.4088,0.6183,1.195,0.9506,2.4,0.0
2016-03-01,2889,441,2448,136,248,11,26,193,211,151,183,924,1190,0,2271.0,284.8,1986.2,124.5,172.5,11.7,15.1,112.3,145.7,94.3,259.1,662.3,970.3,0.2,1.2721,1.5485,1.2325,1.0924,1.4377,0.9402,1.7219,1.7186,1.4482,1.6013,0.7063,1.3951,1.2264,0.0,0.0
2016-04-01,2902,474,2428,181,274,9,27,200,238,194,186,960,1088,0,2286.8,318.4,1968.4,142.8,189.4,12.8,18.4,129.0,158.2,94.2,278.0,650.7,944.5,1.0,1.269,1.4887,1.2335,1.2675,1.4467,0.7031,1.4674,1.5504,1.5044,2.0594,0.6691,1.4753,1.1519,0.0,0.0
2016-05-01,3332,542,2790,200,312,16,15,230,281,214,275,1141,1160,0,2603.0,355.0,2248.0,169.8,208.2,16.4,17.5,146.8,174.3,113.5,328.4,753.4,1051.7,1.0,1.2801,1.5268,1.2411,1.1779,1.4986,0.9756,0.8571,1.5668,1.6122,1.8855,0.8374,1.5145,1.103,0.0,0.0
2016-06-01,3425,533,2892,218,282,10,29,251,243,198,269,1088,1336,1,2670.8,378.2,2292.6,189.2,233.7,14.8,19.0,144.5,199.9,127.5,323.4,743.7,1097.1,0.9,1.2824,1.4093,1.2614,1.1522,1.2067,0.6757,1.5263,1.737,1.2156,1.5529,0.8318,1.463,1.2178,1.1111,0.0
2016-07-01,3437,550,2887,189,327,11,41,223,275,185,264,1006,1432,0,2801.5,404.1,2397.4,197.2,259.8,18.7,19.5,144.3,221.6,115.0,334.5,767.0,1180.7,0.2,1.2268,1.361,1.2042,0.9584,1.2587,0.5882,2.1026,1.5454,1.241,1.6087,0.7892,1.3116,1.2128,0.0,0.0
2016-08-01,3205,473,2732,169,280,16,31,193,233,161,278,944,1349,0,2899.9,397.5,2502.4,187.8,248.8,15.9,23.7,148.7,209.2,124.5,331.6,829.7,1216.2,0.4,1.1052,1.1899,1.0918,0.8999,1.1254,1.0063,1.308,1.2979,1.1138,1.2932,0.8384,1.1378,1.1092,0.0,0.0
2016-09-01,3253,502,2751,209,332,13,37,170,282,234,252,922,1343,0,2861.1,395.8,2465.3,180.5,251.0,16.4,19.6,144.8,215.0,133.5,315.2,819.7,1196.4,0.5,1.137,1.2683,1.1159,1.1579,1.3227,0.7927,1.8878,1.174,1.3116,1.7528,0.7995,1.1248,1.1225,0.0,0.0
2016-10-01,3509,471,3038,167,284,7,27,187,250,184,264,1222,1367,1,3009.0,421.7,2587.3,196.5,279.6,17.1,19.5,142.1,243.0,135.8,318.0,874.3,1258.7,0.5,1.1662,1.1169,1.1742,0.8499,1.0157,0.4094,1.3846,1.316,1.0288,1.3549,0.8302,1.3977,1.086,2.0,0.0
2016-11-01,3117,397,2720,153,252,11,26,145,215,166,191,1142,1220,1,2756.0,376.2,2379.8,184.3,248.2,14.5,17.4,128.0,216.3,115.0,291.7,834.6,1138.1,0.4,1.131,1.0553,1.143,0.8302,1.0153,0.7586,1.4943,1.1328,0.994,1.4435,0.6548,1.3683,1.072,2.5,0.0
2016-12-01,3093,389,2704,135,249,11,30,140,208,153,191,1204,1156,0,2700.9,345.4,2355.5,171.9,220.9,14.1,15.8,124.5,191.0,115.5,286.9,849.4,1103.2,0.5,1.1452,1.1262,1.148,0.7853,1.1272,0.7801,1.8987,1.1245,1.089,1.3247,0.6657,1.4175,1.0479,0.0,0.0
2017-01-01,3021,426,2595,157,242,8,22,184,212,153,169,1104,1168,1,2521.7,355.7,2166.0,176.8,235.1,12.1,18.1,120.6,204.9,110.0,289.4,780.6,984.9,1.1,1.198,1.1976,1.1981,0.888,1.0293,0.6612,1.2155,1.5257,1.0347,1.3909,0.584,1.4143,1.1859,0.9091,0.0
2017-02-01,2417,329,2088,114,182,6,22,147,154,106,166,727,1089,0,2198.8,294.1,1904.7,134.5,184.9,11.3,14.7,109.2,158.9,87.9,254.0,645.8,916.5,0.5,1.0992,1.1187,1.0962,0.8476,0.9843,0.531,1.4966,1.3462,0.9692,1.2059,0.6535,1.1257,1.1882,0.0,0.0
2017-03-01,2327,307,2020,93,175,14,24,132,137,117,173,664,1066,0,2271.0,284.8,1986.2,124.5,172.5,11.7,15.1,112.3,145.7,94.3,259.1,662.3,970.3,0.2,1.0247,1.0779,1.017,0.747,1.0145,1.1966,1.5894,1.1754,0.9403,1.2407,0.6677,1.0026,1.0986,0.0,0.0
2017-04-01,2684,362,2322,101,205,7,28,157,170,137,208,799,1176,2,2286.8,318.4,1968.4,142.8,189.4,12.8,18.4,129.0,158.2,94.2,278.0,650.7,944.5,1.0,1.1737,1.1369,1.1796,0.7073,1.0824,0.5469,1.5217,1.2171,1.0746,1.4544,0.7482,1.2279,1.2451,2.0,0.0
2017-05-01,3080,349,2731,110,190,8,34,159,148,140,215,1053,1323,0,2603.0,355.0,2248.0,169.8,208.2,16.4,17.5,146.8,174.3,113.5,328.4,753.4,1051.7,1.0,1.1833,0.9831,1.2149,0.6478,0.9126,0.4878,1.9429,1.0831,0.8491,1.2335,0.6547,1.3977,1.258,0.0,0.0
2017-06-01,2861,381,2480,128,227,11,29,154,187,124,223,889,1243,1,2670.8,378.2,2292.6,189.2,233.7,14.8,19.0,144.5,199.9,127.5,323.4,743.7,1097.1,0.9,1.0712,1.0074,1.0817,0.6765,0.9713,0.7432,1.5263,1.0657,0.9355,0.9725,0.6895,1.1954,1.133,1.1111,0.0
2017-07-01,2875,402,2473,145,233,11,24,169,198,128,249,821,1275,0,2801.5,404.1,2397.4,197.2,259.8,18.7,19.5,144.3,221.6,115.0,334.5,767.0,1180.7,0.2,1.0262,0.9948,1.0315,0.7353,0.8968,0.5882,1.2308,1.1712,0.8935,1.113,0.7444,1.0704,1.0799,0.0,0.0
2017-08-01,2845,387,2458,139,230,8,35,157,187,120,229,826,1282,1,2899.9,397.5,2502.4,187.8,248.8,15.9,23.7,148.7,209.2,124.5,331.6,829.7,1216.2,0.4,0.9811,0.9736,0.9823,0.7401,0.9244,0.5031,1.4768,1.0558,0.8939,0.9639,0.6906,0.9955,1.0541,2.5,0.0
2017-09-01,2807,379,2428,136,219,10,20,160,189,130,192,823,1283,0,2861.1,395.8,2465.3,180.5,251.0,16.4,19.6,144.8,215.0,133.5,315.2,819.7,1196.4,0.5,0.9811,0.9576,0.9849,0.7535,0.8725,0.6098,1.0204,1.105,0.8791,0.9738,0.6091,1.004,1.0724,0.0,0.0
2017-10-01,2967,421,2546,152,267,11,24,154,232,133,198,907,1308,0,3009.0,421.7,2587.3,196.5,279.6,17.1,19.5,142.1,243.0,135.8,318.0,874.3,1258.7,0.5,0.986,0.9983,0.984,0.7735,0.9549,0.6433,1.2308,1.0837,0.9547,0.9794,0.6226,1.0374,1.0392,0.0,0.0
2017-11-01,2657,354,2303,161,216,9,14,138,193,123,176,817,1187,0,2756.0,376.2,2379.8,184.3,248.2,14.5,17.4,128.0,216.3,115.0,291.7,834.6,1138.1,0.4,0.9641,0.941,0.9677,0.8736,0.8703,0.6207,0.8046,1.0781,0.8923,1.0696,0.6034,0.9789,1.043,0.0,0.0
2017-12-01,2550,334,2216,144,194,11,21,140,162,119,209,825,1063,0,2700.9,345.4,2355.5,171.9,220.9,14.1,15.8,124.5,191.0,115.5,286.9,849.4,1103.2,0.5,0.9441,0.967,0.9408,0.8377,0.8782,0.7801,1.3291,1.1245,0.8482,1.0303,0.7285,0.9713,0.9636,0.0,0.0
2018-01-01,2542,338,2204,151,213,11,26,125,176,147,197,852,1008,0,2521.7,355.7,2166.0,176.8,235.1,12.1,18.1,120.6,204.9,110.0,289.4,780.6,984.9,1.1,1.0081,0.9502,1.0175,0.8541,0.906,0.9091,1.4365,1.0365,0.859,1.3364,0.6807,1.0915,1.0235,0.0,0.0
2018-02-01,2189,314,1875,114,176,5,25,138,146,108,137,716,913,1,2198.8,294.1,1904.7,134.5,184.9,11.3,14.7,109.2,158.9,87.9,254.0,645.8,916.5,0.5,0.9955,1.0677,0.9844,0.8476,0.9519,0.4425,1.7007,1.2637,0.9188,1.2287,0.5394,1.1087,0.9962,2.0,0.0
2018-03-01,2317,288,2029,101,175,15,21,113,139,79,168,803,979,0,2271.0,284.8,1986.2,124.5,172.5,11.7,15.1,112.3,145.7,94.3,259.1,662.3,970.3,0.2,1.0203,1.0112,1.0215,0.8112,1.0145,1.2821,1.3907,1.0062,0.954,0.8378,0.6484,1.2124,1.009,0.0,0.0
2018-04-01,2421,375,2046,131,210,9,31,165,170,83,160,738,1065,0,2286.8,318.4,1968.4,142.8,189.4,12.8,18.4,129.0,158.2,94.2,278.0,650.7,944.5,1.0,1.0587,1.1778,1.0394,0.9174,1.1088,0.7031,1.6848,1.2791,1.0746,0.8811,0.5755,1.1342,1.1276,0.0,0.0
2018-05-01,2739,332,2407,134,180,19,17,152,144,128,210,864,1204,1,2603.0,355.0,2248.0,169.8,208.2,16.4,17.5,146.8,174.3,113.5,328.4,753.4,1051.7,1.0,1.0522,0.9352,1.0707,0.7892,0.8646,1.1585,0.9714,1.0354,0.8262,1.1278,0.6395,1.1468,1.1448,1.0,0.0
2018-06-01,2852,348,2504,126,212,11,31,136,170,120,227,880,1276,1,2670.8,378.2,2292.6,189.2,233.7,14.8,19.0,144.5,199.9,127.5,323.4,743.7,1097.1,0.9,1.0678,0.9201,1.0922,0.666,0.9071,0.7432,1.6316,0.9412,0.8504,0.9412,0.7019,1.1833,1.1631,1.1111,0.0
2018-07-01,3153,370,2783,147,238,17,34,132,187,154,252,1079,1298,0,2801.5,404.1,2397.4,197.2,259.8,18.7,19.5,144.3,221.6,115.0,334.5,767.0,1180.7,0.2,1.1255,0.9156,1.1608,0.7454,0.9161,0.9091,1.7436,0.9148,0.8439,1.3391,0.7534,1.4068,1.0993,0.0,0.0
2018-08-01,3347,383,2964,134,219,8,26,164,185,152,280,1209,1323,0,2899.9,397.5,2502.4,187.8,248.8,15.9,23.7,148.7,209.2,124.5,331.6,829.7,1216.2,0.4,1.1542,0.9635,1.1845,0.7135,0.8802,0.5031,1.097,1.1029,0.8843,1.2209,0.8444,1.4572,1.0878,0.0,0.0
2018-09-01,3179,332,2847,120,200,17,16,132,167,119,224,1126,1378,0,2861.1,395.8,2465.3,180.5,251.0,16.4,19.6,144.8,215.0,133.5,315.2,819.7,1196.4,0.5,1.1111,0.8388,1.1548,0.6648,0.7968,1.0366,0.8163,0.9116,0.7767,0.8914,0.7107,1.3737,1.1518,0.0,0.0
2018-10-01,3304,395,2909,157,248,19,23,147,206,104,197,1179,1429,0,3009.0,421.7,2587.3,196.5,279.6,17.1,19.5,142.1,243.0,135.8,318.0,874.3,1258.7,0.5,1.098,0.9367,1.1243,0.799,0.887,1.1111,1.1795,1.0345,0.8477,0.7658,0.6195,1.3485,1.1353,0.0,0.0
2018-11-01,2868,338,2530,136,219,9,16,119,194,108,185,1068,1168,1,2756.0,376.2,2379.8,184.3,248.2,14.5,17.4,128.0,216.3,115.0,291.7,834.6,1138.1,0.4,1.0406,0.8985,1.0631,0.7379,0.8824,0.6207,0.9195,0.9297,0.8969,0.9391,0.6342,1.2797,1.0263,2.5,0.0
2018-12-01,2926,319,2607,138,171,14,11,148,146,120,159,1134,1193,1,2700.9,345.4,2355.5,171.9,220.9,14.1,15.8,124.5,191.0,115.5,286.9,849.4,1103.2,0.5,1.0833,0.9236,1.1068,0.8028,0.7741,0.9929,0.6962,1.1888,0.7644,1.039,0.5542,1.3351,1.0814,2.0,0.0
2019-01-01,2738,322,2416,131,199,15,18,123,166,126,140,1059,1091,0,2521.7,355.7,2166.0,176.8,235.1,12.1,18.1,120.6,204.9,110.0,289.4,780.6,984.9,1.1,1.0858,0.9053,1.1154,0.741,0.8464,1.2397,0.9945,1.0199,0.8102,1.1455,0.4838,1.3566,1.1077,0.0,0.0
2019-02-01,2313,252,2061,95,141,9,8,111,124,106,151,817,987,0,2198.8,294.1,1904.7,134.5,184.9,11.3,14.7,109.2,158.9,87.9,254.0,645.8,916.5,0.5,1.0519,0.8569,1.0821,0.7063,0.7626,0.7965,0.5442,1.0165,0.7804,1.2059,0.5945,1.2651,1.0769,0.0,0.0
2019-03-01,2449,258,2191,92,166,8,16,92,142,101,140,802,1148,0,2271.0,284.8,1986.2,124.5,172.5,11.7,15.1,112.3,145.7,94.3,259.1,662.3,970.3,0.2,1.0784,0.9059,1.1031,0.739,0.9623,0.6838,1.0596,0.8192,0.9746,1.071,0.5403,1.2109,1.1831,0.0,0.0
2019-04-01,2568,317,2251,119,173,14,17,144,142,87,183,769,1210,2,2286.8,318.4,1968.4,142.8,189.4,12.8,18.4,129.0,158.2,94.2,278.0,650.7,944.5,1.0,1.123,0.9956,1.1436,0.8333,0.9134,1.0938,0.9239,1.1163,0.8976,0.9236,0.6583,1.1818,1.2811,2.0,0.0
2019-05-01,2726,391,2335,152,224,10,27,167,187,126,188,743,1274,4,2603.0,355.0,2248.0,169.8,208.2,16.4,17.5,146.8,174.3,113.5,328.4,753.4,1051.7,1.0,1.0473,1.1014,1.0387,0.8952,1.0759,0.6098,1.5429,1.1376,1.0729,1.1101,0.5725,0.9862,1.2114,4.0,0.0
2019-06-01,2868,400,2468,133,253,14,20,147,219,106,182,762,1417,1,2670.8,378.2,2292.6,189.2,233.7,14.8,19.0,144.5,199.9,127.5,323.4,743.7,1097.1,0.9,1.0738,1.0576,1.0765,0.703,1.0826,0.9459,1.0526,1.0173,1.0955,0.8314,0.5628,1.0246,1.2916,1.1111,0.0
2019-07-01,3047,388,2659,165,246,20,9,142,217,98,206,911,1444,0,2801.5,404.1,2397.4,197.2,259.8,18.7,19.5,144.3,221.6,115.0,334.5,767.0,1180.7,0.2,1.0876,0.9602,1.1091,0.8367,0.9469,1.0695,0.4615,0.9841,0.9792,0.8522,0.6158,1.1877,1.223,0.0,0.0
2019-08-01,3098,394,2704,135,254,15,28,140,211,113,186,980,1424,1,2899.9,397.5,2502.4,187.8,248.8,15.9,23.7,148.7,209.2,124.5,331.6,829.7,1216.2,0.4,1.0683,0.9912,1.0806,0.7188,1.0209,0.9434,1.1814,0.9415,1.0086,0.9076,0.5609,1.1811,1.1709,2.5,0.0
2019-09-01,3068,396,2672,142,245,17,14,151,214,107,219,909,1437,0,2861.1,395.8,2465.3,180.5,251.0,16.4,19.6,144.8,215.0,133.5,315.2,819.7,1196.4,0.5,1.0723,1.0005,1.0838,0.7867,0.9761,1.0366,0.7143,1.0428,0.9953,0.8015,0.6948,1.1089,1.2011,0.0,0.0
2019-10-01,3223,381,2842,150,260,14,18,121,228,101,234,1021,1486,0,3009.0,421.7,2587.3,196.5,279.6,17.1,19.5,142.1,243.0,135.8,318.0,874.3,1258.7,0.5,1.0711,0.9035,1.0984,0.7634,0.9299,0.8187,0.9231,0.8515,0.9383,0.7437,0.7358,1.1678,1.1806,0.0,0.0
2019-11-01,2904,355,2549,153,232,12,12,123,208,88,182,987,1292,0,2756.0,376.2,2379.8,184.3,248.2,14.5,17.4,128.0,216.3,115.0,291.7,834.6,1138.1,0.4,1.0537,0.9436,1.0711,0.8302,0.9347,0.8276,0.6897,0.9609,0.9616,0.7652,0.6239,1.1826,1.1352,0.0,0.0
2019-12-01,2956,312,2644,144,199,11,9,113,179,115,178,984,1367,0,2700.9,345.4,2355.5,171.9,220.9,14.1,15.8,124.5,191.0,115.5,286.9,849.4,1103.2,0.5,1.0944,0.9033,1.1225,0.8377,0.9009,0.7801,0.5696,0.9076,0.9372,0.9957,0.6204,1.1585,1.2391,0.0,0.0
2020-01-01,2961,327,2634,148,204,15,13,123,176,123,178,1029,1302,2,2521.7,355.7,2166.0,176.8,235.1,12.1,18.1,120.6,204.9,110.0,289.4,780.6,984.9,1.1,1.1742,0.9193,1.2161,0.8371,0.8677,1.2397,0.7182,1.0199,0.859,1.1182,0.6151,1.3182,1.322,1.8182,0.0
2020-02-01,2543,271,2272,94,154,10,18,117,126,86,187,838,1161,0,2282.13,304.77,1977.37,140.17,189.57,11.3,15.37,115.2,162.9,91.57,262.0,667.8,955.17,0.83,1.1143,0.8892,1.149,0.6706,0.8124,0.885,1.1714,1.0156,0.7735,0.9392,0.7137,1.2549,1.2155,0.0,0.0
2020-03-01,2191,246,1945,106,124,10,8,122,106,91,180,746,928,0,2271.0,284.8,1986.2,124.5,172.5,11.7,15.1,112.3,145.7,94.3,259.1,662.3,970.3,0.2,0.9648,0.8638,0.9793,0.8514,0.7188,0.8547,0.5298,1.0864,0.7275,0.965,0.6947,1.1264,0.9564,0.0,0.0
2020-04-01,1642,245,1397,115,142,11,9,103,122,99,188,505,604,1,2286.8,318.4,1968.4,142.8,189.4,12.8,18.4,129.0,158.2,94.2,278.0,650.7,944.5,1.0,0.718,0.7695,0.7097,0.8053,0.7497,0.8594,0.4891,0.7984,0.7712,1.051,0.6763,0.7761,0.6395,1.0,0.0
2020-05-01,1845,296,1549,137,137,15,18,159,104,132,239,484,691,3,2603.0,355.0,2248.0,169.8,208.2,16.4,17.5,146.8,174.3,113.5,328.4,753.4,1051.7,1.0,0.7088,0.8338,0.6891,0.8068,0.658,0.9146,1.0286,1.0831,0.5967,1.163,0.7278,0.6424,0.657,3.0,0.0
2020-06-01,2274,361,1913,172,204,14,14,157,176,331,283,523,772,4,2670.8,378.2,2292.6,189.2,233.7,14.8,19.0,144.5,199.9,127.5,323.4,743.7,1097.1,0.9,0.8514,0.9545,0.8344,0.9091,0.8729,0.9459,0.7368,1.0865,0.8804,2.5961,0.8751,0.7032,0.7037,4.4444,0.0
2020-07-01,2123,413,1710,190,238,28,20,175,190,93,323,486,807,1,2801.5,404.1,2397.4,197.2,259.8,18.7,19.5,144.3,221.6,115.0,334.5,767.0,1180.7,0.2,0.7578,1.022,0.7133,0.9635,0.9161,1.4973,1.0256,1.2128,0.8574,0.8087,0.9656,0.6336,0.6835,5.0,0.0
2020-08-01,2442,345,2097,185,201,15,14,144,172,111,352,672,962,0,2899.9,397.5,2502.4,187.8,248.8,15.9,23.7,148.7,209.2,124.5,331.6,829.7,1216.2,0.4,0.8421,0.8679,0.838,0.9851,0.8079,0.9434,0.5907,0.9684,0.8222,0.8916,1.0615,0.8099,0.791,0.0,0.0
2020-09-01,2572,348,2224,196,219,16,19,129,184,97,361,818,947,1,2861.1,395.8,2465.3,180.5,251.0,16.4,19.6,144.8,215.0,133.5,315.2,819.7,1196.4,0.5,0.899,0.8792,0.9021,1.0859,0.8725,0.9756,0.9694,0.8909,0.8558,0.7266,1.1453,0.9979,0.7915,2.0,0.0
2020-10-01,2565,445,2120,260,295,21,15,150,259,108,343,745,922,2,3009.0,421.7,2587.3,196.5,279.6,17.1,19.5,142.1,243.0,135.8,318.0,874.3,1258.7,0.5,0.8524,1.0553,0.8194,1.3232,1.0551,1.2281,0.7692,1.0556,1.0658,0.7953,1.0786,0.8521,0.7325,4.0,0.0
2020-11-01,2429,407,2022,227,256,19,13,151,224,95,310,741,876,0,2756.0,376.2,2379.8,184.3,248.2,14.5,17.4,128.0,216.3,115.0,291.7,834.6,1138.1,0.4,0.8813,1.0819,0.8497,1.2317,1.0314,1.3103,0.7471,1.1797,1.0356,0.8261,1.0627,0.8879,0.7697,0.0,0.0
2020-12-01,2334,291,2043,168,190,16,15,101,159,78,315,696,954,0,2700.9,345.4,2355.5,171.9,220.9,14.1,15.8,124.5,191.0,115.5,286.9,849.4,1103.2,0.5,0.8642,0.8425,0.8673,0.9773,0.8601,1.1348,0.9494,0.8112,0.8325,0.6753,1.0979,0.8194,0.8648,0.0,0.0
2021-01-01,2110,334,1776,194,216,17,15,118,184,63,307,686,719,1,2521.7,355.7,2166.0,176.8,235.1,12.1,18.1,120.6,204.9,110.0,289.4,780.6,984.9,1.1,0.8367,0.939,0.8199,1.0973,0.9188,1.405,0.8287,0.9784,0.898,0.5727,1.0608,0.8788,0.73,0.9091,0.0
2021-02-01,1750,267,1483,141,162,13,10,105,139,68,205,521,688,1,2198.8,294.1,1904.7,134.5,184.9,11.3,14.7,109.2,158.9,87.9,254.0,645.8,916.5,0.5,0.7959,0.9079,0.7786,1.0483,0.8761,1.1504,0.6803,0.9615,0.8748,0.7736,0.8071,0.8068,0.7507,2.0,0.0
2021-03-01,1891,223,1668,107,124,10,8,99,106,84,205,537,842,0,2271.0,284.8,1986.2,124.5,172.5,11.7,15.1,112.3,145.7,94.3,259.1,662.3,970.3,0.2,0.8327,0.783,0.8398,0.8594,0.7188,0.8547,0.5298,0.8816,0.7275,0.8908,0.7912,0.8108,0.8678,0.0,0.0
2021-04-01,1864,243,1621,109,119,18,14,124,87,71,236,592,722,0,2286.8,318.4,1968.4,142.8,189.4,12.8,18.4,129.0,158.2,94.2,278.0,650.7,944.5,1.0,0.8151,0.7632,0.8235,0.7633,0.6283,1.4062,0.7609,0.9612,0.5499,0.7537,0.8489,0.9098,0.7644,0.0,0.0
2021-05-01,2457,319,2138,157,165,15,12,154,138,103,345,757,932,1,2603.0,355.0,2248.0,169.8,208.2,16.4,17.5,146.8,174.3,113.5,328.4,753.4,1051.7,1.0,0.9439,0.8986,0.9511,0.9246,0.7925,0.9146,0.6857,1.049,0.7917,0.9075,1.0505,1.0048,0.8862,1.0,0.0
2021-06-01,2502,352,2150,191,197,14,20,155,163,90,306,802,951,1,2670.8,378.2,2292.6,189.2,233.7,14.8,19.0,144.5,199.9,127.5,323.4,743.7,1097.1,0.9,0.9368,0.9307,0.9378,1.0095,0.843,0.9459,1.0526,1.0727,0.8154,0.7059,0.9462,1.0784,0.8668,1.1111,0.0
2021-07-01,2671,402,2269,225,260,21,21,142,218,120,312,832,1005,0,2801.5,404.1,2397.4,197.2,259.8,18.7,19.5,144.3,221.6,115.0,334.5,767.0,1180.7,0.2,0.9534,0.9948,0.9464,1.141,1.0008,1.123,1.0769,0.9841,0.9838,1.0435,0.9327,1.0847,0.8512,0.0,0.0
2021-08-01,2628,397,2231,231,233,24,18,164,191,110,310,805,1006,0,2899.9,397.5,2502.4,187.8,248.8,15.9,23.7,148.7,209.2,124.5,331.6,829.7,1216.2,0.4,0.9062,0.9987,0.8915,1.23,0.9365,1.5094,0.7595,1.1029,0.913,0.8835,0.9349,0.9702,0.8272,0.0,0.0
2021-09-01,2841,420,2421,228,239,15,21,181,203,108,309,885,1119,0,2861.1,395.8,2465.3,180.5,251.0,16.4,19.6,144.8,215.0,133.5,315.2,819.7,1196.4,0.5,0.993,1.0611,0.982,1.2632,0.9522,0.9146,1.0714,1.25,0.9442,0.809,0.9803,1.0797,0.9353,0.0,0.0
2021-10-01,2851,425,2426,215,269,28,20,156,221,171,361,801,1093,0,3009.0,421.7,2587.3,196.5,279.6,17.1,19.5,142.1,243.0,135.8,318.0,874.3,1258.7,0.5,0.9475,1.0078,0.9377,1.0941,0.9621,1.6374,1.0256,1.0978,0.9095,1.2592,1.1352,0.9162,0.8684,0.0,0.0
2021-11-01,2366,379,1987,226,244,21,15,135,208,90,287,707,903,0,2756.0,376.2,2379.8,184.3,248.2,14.5,17.4,128.0,216.3,115.0,291.7,834.6,1138.1,0.4,0.8585,1.0074,0.8349,1.2263,0.9831,1.4483,0.8621,1.0547,0.9616,0.7826,0.9839,0.8471,0.7934,0.0,0.0
2021-12-01,2372,339,2033,198,213,18,11,126,184,95,297,734,907,0,2700.9,345.4,2355.5,171.9,220.9,14.1,15.8,124.5,191.0,115.5,286.9,849.4,1103.2,0.5,0.8782,0.9815,0.8631,1.1518,0.9642,1.2766,0.6962,1.012,0.9634,0.8225,1.0352,0.8641,0.8222,0.0,0.0
2022-01-01,2245,387,1858,249,278,13,8,109,257,100,319,590,849,0,2521.7,355.7,2166.0,176.8,235.1,12.1,18.1,120.6,204.9,110.0,289.4,780.6,984.9,1.1,0.8903,1.088,0.8578,1.4084,1.1825,1.0744,0.442,0.9038,1.2543,0.9091,1.1023,0.7558,0.862,0.0,0.0
2022-02-01,1935,345,1590,216,236,12,9,109,215,82,229,509,769,1,2198.8,294.1,1904.7,134.5,184.9,11.3,14.7,109.2,158.9,87.9,254.0,645.8,916.5,0.5,0.88,1.1731,0.8348,1.6059,1.2764,1.0619,0.6122,0.9982,1.3531,0.9329,0.9016,0.7882,0.8391,2.0,0.0
2022-03-01,2116,290,1826,155,176,16,10,114,150,113,255,659,799,0,2271.0,284.8,1986.2,124.5,172.5,11.7,15.1,112.3,145.7,94.3,259.1,662.3,970.3,0.2,0.9317,1.0183,0.9193,1.245,1.0203,1.3675,0.6623,1.0151,1.0295,1.1983,0.9842,0.995,0.8235,0.0,0.0
2022-04-01,1940,304,1636,171,193,16,15,111,162,65,269,586,715,1,2286.8,318.4,1968.4,142.8,189.4,12.8,18.4,129.0,158.2,94.2,278.0,650.7,944.5,1.0,0.8483,0.9548,0.8311,1.1975,1.019,1.25,0.8152,0.8605,1.024,0.69,0.9676,0.9006,0.757,1.0,0.0
2022-05-01,2183,300,1883,158,179,23,19,121,137,84,255,710,834,0,2603.0,355.0,2248.0,169.8,208.2,16.4,17.5,146.8,174.3,113.5,328.4,753.4,1051.7,1.0,0.8386,0.8451,0.8376,0.9305,0.8598,1.4024,1.0857,0.8243,0.786,0.7401,0.7765,0.9424,0.793,0.0,0.0
2022-06-01,2250,278,1972,178,159,21,7,119,131,81,316,718,857,0,2670.8,378.2,2292.6,189.2,233.7,14.8,19.0,144.5,199.9,127.5,323.4,743.7,1097.1,0.9,0.8424,0.7351,0.8602,0.9408,0.6804,1.4189,0.3684,0.8235,0.6553,0.6353,0.9771,0.9654,0.7812,0.0,0.0
2022-07-01,2499,344,2155,187,216,19,16,128,181,102,313,714,1026,0,2801.5,404.1,2397.4,197.2,259.8,18.7,19.5,144.3,221.6,115.0,334.5,767.0,1180.7,0.2,0.892,0.8513,0.8989,0.9483,0.8314,1.016,0.8205,0.887,0.8168,0.887,0.9357,0.9309,0.869,0.0,0.0
2022-08-01,2533,349,2184,178,209,15,26,140,168,86,317,721,1059,1,2899.9,397.5,2502.4,187.8,248.8,15.9,23.7,148.7,209.2,124.5,331.6,829.7,1216.2,0.4,0.8735,0.878,0.8728,0.9478,0.84,0.9434,1.097,0.9415,0.8031,0.6908,0.956,0.869,0.8707,2.5,0.0
2022-09-01,2368,318,2050,166,191,16,22,127,153,103,328,626,992,1,2861.1,395.8,2465.3,180.5,251.0,16.4,19.6,144.8,215.0,133.5,315.2,819.7,1196.4,0.5,0.8277,0.8034,0.8315,0.9197,0.761,0.9756,1.1224,0.8771,0.7116,0.7715,1.0406,0.7637,0.8292,2.0,0.0
2022-10-01,2414,309,2105,167,206,19,14,103,173,77,334,662,1032,0,3009.0,421.7,2587.3,196.5,279.6,17.1,19.5,142.1,243.0,135.8,318.0,874.3,1258.7,0.5,0.8023,0.7327,0.8136,0.8499,0.7368,1.1111,0.7179,0.7248,0.7119,0.567,1.0503,0.7572,0.8199,0.0,0.0
2022-11-01,2350,325,2025,199,219,14,25,106,180,83,369,654,919,0,2756.0,376.2,2379.8,184.3,248.2,14.5,17.4,128.0,216.3,115.0,291.7,834.6,1138.1,0.4,0.8527,0.8639,0.8509,1.0798,0.8824,0.9655,1.4368,0.8281,0.8322,0.7217,1.265,0.7836,0.8075,0.0,0.0
2022-12-01,2323,279,2044,181,187,14,11,92,162,72,439,616,917,0,2700.9,345.4,2355.5,171.9,220.9,14.1,15.8,124.5,191.0,115.5,286.9,849.4,1103.2,0.5,0.8601,0.8078,0.8678,1.0529,0.8465,0.9929,0.6962,0.739,0.8482,0.6234,1.5301,0.7252,0.8312,0.0,0.0
2023-01-01,2621,343,2278,189,227,16,15,116,196,91,560,715,908,4,2521.7,355.7,2166.0,176.8,235.1,12.1,18.1,120.6,204.9,110.0,289.4,780.6,984.9,1.1,1.0394,0.9643,1.0517,1.069,0.9655,1.3223,0.8287,0.9619,0.9566,0.8273,1.935,0.916,0.9219,3.6364,0.0
2023-02-01,2560,321,2239,178,228,19,19,93,190,71,576,641,951,0,2198.8,294.1,1904.7,134.5,184.9,11.3,14.7,109.2,158.9,87.9,254.0,645.8,916.5,0.5,1.1643,1.0915,1.1755,1.3234,1.2331,1.6814,1.2925,0.8516,1.1957,0.8077,2.2677,0.9926,1.0376,0.0,0.0
2023-03-01,2468,367,2101,229,256,16,12,111,228,69,528,572,931,1,2271.0,284.8,1986.2,124.5,172.5,11.7,15.1,112.3,145.7,94.3,259.1,662.3,970.3,0.2,1.0867,1.2886,1.0578,1.8394,1.4841,1.3675,0.7947,0.9884,1.5649,0.7317,2.0378,0.8637,0.9595,5.0,0.0
2023-04-01,2590,402,2188,266,282,13,17,120,252,97,522,567,999,3,2286.8,318.4,1968.4,142.8,189.4,12.8,18.4,129.0,158.2,94.2,278.0,650.7,944.5,1.0,1.1326,1.2626,1.1116,1.8627,1.4889,1.0156,0.9239,0.9302,1.5929,1.0297,1.8777,0.8714,1.0577,3.0,0.0
2023-05-01,2974,447,2527,306,319,25,12,128,282,101,685,637,1104,0,2603.0,355.0,2248.0,169.8,208.2,16.4,17.5,146.8,174.3,113.5,328.4,753.4,1051.7,1.0,1.1425,1.2592,1.1241,1.8021,1.5322,1.5244,0.6857,0.8719,1.6179,0.8899,2.0859,0.8455,1.0497,0.0,0.0
2023-06-01,3070,550,2520,403,413,22,12,137,379,102,680,658,1080,0,2670.8,378.2,2292.6,189.2,233.7,14.8,19.0,144.5,199.9,127.5,323.4,743.7,1097.1,0.9,1.1495,1.4543,1.0992,2.13,1.7672,1.4865,0.6316,0.9481,1.8959,0.8,2.1027,0.8848,0.9844,0.0,0.0
2023-07-01,3396,662,2734,442,516,26,15,146,475,101,668,733,1232,0,2801.5,404.1,2397.4,197.2,259.8,18.7,19.5,144.3,221.6,115.0,334.5,767.0,1180.7,0.2,1.2122,1.6382,1.1404,2.2414,1.9861,1.3904,0.7692,1.0118,2.1435,0.8783,1.997,0.9557,1.0434,0.0,0.0
2023-08-01,3223,510,2713,336,382,28,21,128,333,97,609,705,1301,1,2899.9,397.5,2502.4,187.8,248.8,15.9,23.7,148.7,209.2,124.5,331.6,829.7,1216.2,0.4,1.1114,1.283,1.0842,1.7891,1.5354,1.761,0.8861,0.8608,1.5918,0.7791,1.8366,0.8497,1.0697,2.5,0.0
2023-09-01,2688,436,2252,255,323,33,13,113,277,82,525,553,1092,0,2861.1,395.8,2465.3,180.5,251.0,16.4,19.6,144.8,215.0,133.5,315.2,819.7,1196.4,0.5,0.9395,1.1016,0.9135,1.4127,1.2869,2.0122,0.6633,0.7804,1.2884,0.6142,1.6656,0.6746,0.9127,0.0,0.0
2023-10-01,2930,489,2441,309,360,16,15,129,329,99,530,631,1181,0,3009.0,421.7,2587.3,196.5,279.6,17.1,19.5,142.1,243.0,135.8,318.0,874.3,1258.7,0.5,0.9737,1.1596,0.9435,1.5725,1.2876,0.9357,0.7692,0.9078,1.3539,0.729,1.6667,0.7217,0.9383,0.0,0.0
2023-11-01,3075,423,2652,266,324,21,16,99,287,93,462,699,1398,0,2756.0,376.2,2379.8,184.3,248.2,14.5,17.4,128.0,216.3,115.0,291.7,834.6,1138.1,0.4,1.1157,1.1244,1.1144,1.4433,1.3054,1.4483,0.9195,0.7734,1.3269,0.8087,1.5838,0.8375,1.2284,0.0,0.0
2023-12-01,2623,364,2259,224,282,22,25,82,235,90,444,634,1089,2,2700.9,345.4,2355.5,171.9,220.9,14.1,15.8,124.5,191.0,115.5,286.9,849.4,1103.2,0.5,0.9712,1.0539,0.959,1.3031,1.2766,1.5603,1.5823,0.6586,1.2304,0.7792,1.5476,0.7464,0.9871,4.0,0.0
2024-01-01,2359,324,2035,198,247,9,21,77,217,75,445,524,991,0,2521.7,355.7,2166.0,176.8,235.1,12.1,18.1,120.6,204.9,110.0,289.4,780.6,984.9,1.1,0.9355,0.9109,0.9395,1.1199,1.0506,0.7438,1.1602,0.6385,1.0591,0.6818,1.5377,0.6713,1.0062,0.0,0.0
2024-02-01,2187,268,1919,152,197,15,12,71,170,58,343,517,1000,1,2282.13,304.77,1977.37,140.17,189.57,11.3,15.37,115.2,162.9,91.57,262.0,667.8,955.17,0.83,0.9583,0.8794,0.9705,1.0844,1.0392,1.3274,0.7809,0.6163,1.0436,0.6334,1.3092,0.7742,1.0469,1.2,0.0
2024-03-01,2035,235,1800,127,164,10,11,71,143,62,366,443,928,1,2271.0,284.8,1986.2,124.5,172.5,11.7,15.1,112.3,145.7,94.3,259.1,662.3,970.3,0.2,0.8961,0.8251,0.9063,1.0201,0.9507,0.8547,0.7285,0.6322,0.9815,0.6575,1.4126,0.6689,0.9564,5.0,0.0
2024-04-01,2111,258,1853,139,167,17,19,91,131,63,381,482,926,1,2286.8,318.4,1968.4,142.8,189.4,12.8,18.4,129.0,158.2,94.2,278.0,650.7,944.5,1.0,0.9231,0.8103,0.9414,0.9734,0.8817,1.3281,1.0326,0.7054,0.8281,0.6688,1.3705,0.7407,0.9804,1.0,0.0
2024-05-01,2434,310,2124,186,192,17,14,118,161,66,455,643,960,0,2603.0,355.0,2248.0,169.8,208.2,16.4,17.5,146.8,174.3,113.5,328.4,753.4,1051.7,1.0,0.9351,0.8732,0.9448,1.0954,0.9222,1.0366,0.8,0.8038,0.9237,0.5815,1.3855,0.8535,0.9128,0.0,0.0
2024-06-01,2395,354,2041,231,235,17,18,119,200,78,385,552,1026,0,2670.8,378.2,2292.6,189.2,233.7,14.8,19.0,144.5,199.9,127.5,323.4,743.7,1097.1,0.9,0.8967,0.936,0.8903,1.2209,1.0056,1.1486,0.9474,0.8235,1.0005,0.6118,1.1905,0.7422,0.9352,0.0,0.0
2024-07-01,2534,292,2242,173,205,19,11,87,175,97,404,531,1210,0,2801.5,404.1,2397.4,197.2,259.8,18.7,19.5,144.3,221.6,115.0,334.5,767.0,1180.7,0.2,0.9045,0.7226,0.9352,0.8773,0.7891,1.016,0.5641,0.6029,0.7897,0.8435,1.2078,0.6923,1.0248,0.0,0.0
2024-08-01,2544,293,2251,185,207,14,11,86,182,123,442,517,1169,0,2899.9,397.5,2502.4,187.8,248.8,15.9,23.7,148.7,209.2,124.5,331.6,829.7,1216.2,0.4,0.8773,0.7371,0.8995,0.9851,0.832,0.8805,0.4641,0.5783,0.87,0.988,1.3329,0.6231,0.9612,0.0,0.0
2024-09-01,2607,316,2291,190,234,15,6,82,213,106,475,633,1076,1,2861.1,395.8,2465.3,180.5,251.0,16.4,19.6,144.8,215.0,133.5,315.2,819.7,1196.4,0.5,0.9112,0.7984,0.9293,1.0526,0.9323,0.9146,0.3061,0.5663,0.9907,0.794,1.507,0.7722,0.8994,2.0,0.0
2024-10-01,2954,304,2650,184,227,22,9,77,196,122,475,631,1422,0,3009.0,421.7,2587.3,196.5,279.6,17.1,19.5,142.1,243.0,135.8,318.0,874.3,1258.7,0.5,0.9817,0.7209,1.0242,0.9364,0.8119,1.2865,0.4615,0.5419,0.8066,0.8984,1.4937,0.7217,1.1297,0.0,0.0
2024-11-01,2678,258,2420,138,191,13,10,67,168,69,523,626,1202,0,2756.0,376.2,2379.8,184.3,248.2,14.5,17.4,128.0,216.3,115.0,291.7,834.6,1138.1,0.4,0.9717,0.6858,1.0169,0.7488,0.7695,0.8966,0.5747,0.5234,0.7767,0.6,1.7929,0.7501,1.0561,0.0,0.0
2024-12-01,2458,251,2207,158,170,12,2,81,156,85,433,583,1106,0,2700.9,345.4,2355.5,171.9,220.9,14.1,15.8,124.5,191.0,115.5,286.9,849.4,1103.2,0.5,0.9101,0.7267,0.937,0.9191,0.7696,0.8511,0.1266,0.6506,0.8168,0.7359,1.5092,0.6864,1.0025,0.0,0.0
2025-01-01,2013,235,1778,145,181,10,7,54,164,70,402,470,834,2,2521.7,355.7,2166.0,176.8,235.1,12.1,18.1,120.6,204.9,110.0,289.4,780.6,984.9,1.1,0.7983,0.6607,0.8209,0.8201,0.7699,0.8264,0.3867,0.4478,0.8004,0.6364,1.3891,0.6021,0.8468,1.8182,0.0
2025-02-01,1933,194,1739,110,129,16,6,65,107,76,408,440,815,0,2198.8,294.1,1904.7,134.5,184.9,11.3,14.7,109.2,158.9,87.9,254.0,645.8,916.5,0.5,0.8791,0.6596,0.913,0.8178,0.6977,1.4159,0.4082,0.5952,0.6734,0.8646,1.6063,0.6813,0.8893,0.0,0.0
2025-03-01,2027,193,1834,99,117,7,15,76,95,76,393,473,892,0,2271.0,284.8,1986.2,124.5,172.5,11.7,15.1,112.3,145.7,94.3,259.1,662.3,970.3,0.2,0.8926,0.6777,0.9234,0.7952,0.6783,0.5983,0.9934,0.6768,0.652,0.8059,1.5168,0.7142,0.9193,0.0,0.0
2025-04-01,2146,204,1942,96,129,14,7,75,108,46,447,509,940,0,2286.8,318.4,1968.4,142.8,189.4,12.8,18.4,129.0,158.2,94.2,278.0,650.7,944.5,1.0,0.9384,0.6407,0.9866,0.6723,0.6811,1.0938,0.3804,0.5814,0.6827,0.4883,1.6079,0.7822,0.9952,0.0,0.0
2025-05-01,2260,264,1996,158,184,16,7,80,161,41,417,502,1035,1,2603.0,355.0,2248.0,169.8,208.2,16.4,17.5,146.8,174.3,113.5,328.4,753.4,1051.7,1.0,0.8682,0.7437,0.8879,0.9305,0.8838,0.9756,0.4,0.545,0.9237,0.3612,1.2698,0.6663,0.9841,1.0,0.0
2025-06-01,2211,225,1986,112,155,14,10,70,131,45,363,565,1013,0,2670.8,378.2,2292.6,189.2,233.7,14.8,19.0,144.5,199.9,127.5,323.4,743.7,1097.1,0.9,0.8278,0.5949,0.8663,0.592,0.6632,0.9459,0.5263,0.4844,0.6553,0.3529,1.1224,0.7597,0.9233,0.0,0.0
2025-07-01,2280,218,2062,109,119,15,4,99,100,72,354,557,1078,1,2801.5,404.1,2397.4,197.2,259.8,18.7,19.5,144.3,221.6,115.0,334.5,767.0,1180.7,0.2,0.8138,0.5395,0.8601,0.5527,0.458,0.8021,0.2051,0.6861,0.4513,0.6261,1.0583,0.7262,0.913,5.0,0.0
2025-08-01,2234,191,2043,80,107,7,7,84,93,56,312,503,1172,0,2899.9,397.5,2502.4,187.8,248.8,15.9,23.7,148.7,209.2,124.5,331.6,829.7,1216.2,0.4,0.7704,0.4805,0.8164,0.426,0.4301,0.4403,0.2954,0.5649,0.4446,0.4498,0.9409,0.6062,0.9637,0.0,0.6774
2025-09-01,1892,193,1699,59,111,5,13,82,93,67,194,390,1048,0,2861.1,395.8,2465.3,180.5,251.0,16.4,19.6,144.8,215.0,133.5,315.2,819.7,1196.4,0.5,0.6613,0.4876,0.6892,0.3269,0.4422,0.3049,0.6633,0.5663,0.4326,0.5019,0.6155,0.4758,0.876,0.0,1.0
2025-10-01,1759,214,1545,91,115,8,9,99,98,65,194,280,1006,0,3009.0,421.7,2587.3,196.5,279.6,17.1,19.5,142.1,243.0,135.8,318.0,874.3,1258.7,0.5,0.5846,0.5075,0.5971,0.4631,0.4113,0.4678,0.4615,0.6967,0.4033,0.4786,0.6101,0.3203,0.7992,0.0,1.0
2025-11-01,1723,198,1525,60,120,6,12,78,102,56,216,339,914,0,2756.0,376.2,2379.8,184.3,248.2,14.5,17.4,128.0,216.3,115.0,291.7,834.6,1138.1,0.4,0.6252,0.5263,0.6408,0.3256,0.4835,0.4138,0.6897,0.6094,0.4716,0.487,0.7405,0.4062,0.8031,0.0,1.0
2025-12-01,1673,156,1517,65,85,6,8,71,71,53,235,334,895,0,2700.9,345.4,2355.5,171.9,220.9,14.1,15.8,124.5,191.0,115.5,286.9,849.4,1103.2,0.5,0.6194,0.4517,0.644,0.3781,0.3848,0.4255,0.5063,0.5703,0.3717,0.4589,0.8191,0.3932,0.8113,0.0,1.0
2026-01-01,1427,147,1280,57,76,2,3,71,71,42,163,315,760,0,2521.7,355.7,2166.0,176.8,235.1,12.1,18.1,120.6,204.9,110.0,289.4,780.6,984.9,1.1,0.5659,0.4133,0.591,0.3224,0.3233,0.1653,0.1657,0.5887,0.3465,0.3818,0.5632,0.4035,0.7717,0.0,1.0
2026-02-01,1361,179,1182,67,101,8,3,78,90,71,178,299,634,0,2198.8,294.1,1904.7,134.5,184.9,11.3,14.7,109.2,158.9,87.9,254.0,645.8,916.5,0.5,0.619,0.6086,0.6206,0.4981,0.5462,0.708,0.2041,0.7143,0.5664,0.8077,0.7008,0.463,0.6918,0.0,1.0
2026-03-01,1624,238,1386,93,120,2,7,118,111,54,191,230,911,0,2271.0,284.8,1986.2,124.5,172.5,11.7,15.1,112.3,145.7,94.3,259.1,662.3,970.3,0.2,0.7151,0.8357,0.6978,0.747,0.6957,0.1709,0.4636,1.0508,0.7618,0.5726,0.7372,0.3473,0.9389,0.0,1.0
2026-04-01,1619,221,1398,83,118,14,16,103,88,58,146,246,948,0,2286.8,318.4,1968.4,142.8,189.4,12.8,18.4,129.0,158.2,94.2,278.0,650.7,944.5,1.0,0.708,0.6941,0.7102,0.5812,0.623,1.0938,0.8696,0.7984,0.5563,0.6157,0.5252,0.3781,1.0037,0.0,1.0
2026-05-01,1961,285,1676,97,144,7,9,141,128,65,206,363,1042,0,2603.0,355.0,2248.0,169.8,208.2,16.4,17.5,146.8,174.3,113.5,328.4,753.4,1051.7,1.0,0.7534,0.8028,0.7456,0.5713,0.6916,0.4268,0.5143,0.9605,0.7344,0.5727,0.6273,0.4818,0.9908,0.0,1.0
2026-06-01,1837,256,1581,85,153,10,12,103,131,66,218,334,963,0,2670.8,378.2,2292.6,189.2,233.7,14.8,19.0,144.5,199.9,127.5,323.4,743.7,1097.1,0.9,0.6878,0.6769,0.6896,0.4493,0.6547,0.6757,0.6316,0.7128,0.6553,0.5176,0.6741,0.4491,0.8778,0.0,1.0
2026-07-01,2080,266,1814,114,134,16,8,132,110,68,204,440,1101,1,2801.5,404.1,2397.4,197.2,259.8,18.7,19.5,144.3,221.6,115.0,334.5,767.0,1180.7,0.2,0.7425,0.6583,0.7567,0.5781,0.5158,0.8556,0.4103,0.9148,0.4964,0.5913,0.6099,0.5737,0.9325,5.0,1.0
2026-08-01,2139,233,1906,95,136,10,5,97,121,100,229,495,1081,1,2899.9,397.5,2502.4,187.8,248.8,15.9,23.7,148.7,209.2,124.5,331.6,829.7,1216.2,0.4,0.7376,0.5862,0.7617,0.5059,0.5466,0.6289,0.211,0.6523,0.5784,0.8032,0.6906,0.5966,0.8888,2.5,1.0
2026-09-01,2198,281,1917,97,155,3,7,126,145,65,304,444,1104,0,2861.1,395.8,2465.3,180.5,251.0,16.4,19.6,144.8,215.0,133.5,315.2,819.7,1196.4,0.5,0.7682,0.71,0.7776,0.5374,0.6175,0.1829,0.3571,0.8702,0.6744,0.4869,0.9645,0.5417,0.9228,0.0,1.0
