month,outcome,dc,synthetic
2017-01,murder,0.5036,0.8133
2017-02,murder,0.3777,0.5455
2017-03,murder,0.8813,0.8147
2017-04,murder,0.4407,0.645
2017-05,murder,0.5036,0.7827
2017-06,murder,0.6925,0.7487
2017-07,murder,0.7554,0.9913
2017-08,murder,0.5036,0.8657
2017-09,murder,0.6295,0.7845
2017-10,murder,0.6925,0.7723
2017-11,murder,0.5666,0.8595
2017-12,murder,0.6925,0.7823
2018-01,murder,0.6925,0.7981
2018-02,murder,0.3777,0.5935
2018-03,murder,0.9443,0.6328
2018-04,murder,0.6295,0.6684
2018-05,murder,1.3849,0.8455
2018-06,murder,0.6925,0.7725
2018-07,murder,1.1331,0.8965
2018-08,murder,0.5036,0.7133
2018-09,murder,1.0702,0.9587
2018-10,murder,1.1961,0.9677
2018-11,murder,0.5666,0.6047
2018-12,murder,0.8813,0.8228
2019-01,murder,1.1961,0.8058
2019-02,murder,0.5666,0.4656
2019-03,murder,0.5036,0.6067
2019-04,murder,0.8813,0.8156
2019-05,murder,0.6295,0.8578
2019-06,murder,0.8813,0.8102
2019-07,murder,1.3849,0.9507
2019-08,murder,0.9443,0.8867
2019-09,murder,1.0702,0.7319
2019-10,murder,0.9443,0.8319
2019-11,murder,0.7554,0.8734
2019-12,murder,0.6925,0.7441
2020-01,murder,0.9443,0.8984
2020-02,murder,0.6925,0.7068
2020-03,murder,0.6295,0.8062
2020-04,murder,0.6925,0.8327
2020-05,murder,1.0702,1.2137
2020-06,murder,1.0072,1.1587
2020-07,murder,1.8885,1.6008
2020-08,murder,0.9443,1.1386
2020-09,murder,1.0072,1.3382
2020-10,murder,1.3849,1.274
2020-11,murder,1.1961,1.3508
2020-12,murder,1.0072,1.0043
2021-01,murder,1.0702,1.1962
2021-02,murder,0.8184,0.9006
2021-03,murder,0.6925,0.9818
2021-04,murder,1.259,1.2212
2021-05,murder,0.9443,1.1982
2021-06,murder,0.8813,1.4882
2021-07,murder,1.3849,1.4631
2021-08,murder,1.5108,1.3158
2021-09,murder,1.1331,1.3556
2021-10,murder,1.7626,1.4071
2021-11,murder,1.322,1.0938
2021-12,murder,1.1961,1.1838
2022-01,murder,0.8813,1.0672
2022-02,murder,0.7554,0.9234
2022-03,murder,1.0702,1.0521
2022-04,murder,1.0072,1.193
2022-05,murder,1.4479,1.3427
2022-06,murder,1.322,1.3173
2022-07,murder,1.259,1.1355
2022-08,murder,1.0072,1.3422
2022-09,murder,1.0072,1.3553
2022-10,murder,1.259,1.0015
2022-11,murder,0.8813,0.8257
2022-12,murder,0.8813,1.2399
2023-01,murder,1.0072,1.0248
2023-02,murder,1.322,1.0617
2023-03,murder,1.1961,1.3691
2023-04,murder,0.8184,0.8552
2023-05,murder,1.5738,1.2015
2023-06,murder,1.4479,1.2587
2023-07,murder,1.8256,1.5232
2023-08,murder,2.0144,1.2973
2023-09,murder,2.1403,1.5396
2023-10,murder,1.0072,1.2326
2023-11,murder,1.3849,0.9814
2023-12,murder,1.5108,0.9808
2024-01,murder,0.5666,0.9511
2024-02,murder,1.0702,0.8346
2024-03,murder,0.6925,0.8513
2024-04,murder,1.0702,0.8944
2024-05,murder,1.0702,1.2362
2024-06,murder,1.0702,1.0239
2024-07,murder,1.259,1.0519
2024-08,murder,0.9443,1.2023
2024-09,murder,0.9443,0.9613
2024-10,murder,1.5108,1.1453
2024-11,murder,0.8184,0.8165
2024-12,murder,0.7554,0.7204
2025-01,murder,0.6295,0.7312
2025-02,murder,1.0702,0.7522
2025-03,murder,0.4407,0.8059
2025-04,murder,0.8813,0.8399
2025-05,murder,1.1331,0.9171
2025-06,murder,1.0072,0.9122
2025-07,murder,0.8184,0.8757
2025-08,murder,0.5036,0.7399
2025-09,murder,0.2518,0.6982
2025-10,murder,0.5036,0.6554
2025-11,murder,0.3777,0.6031
2025-12,murder,0.3777,0.495
2026-01,murder,0.1259,0.6358
2026-02,murder,0.5036,0.6716
2026-03,murder,0.1259,0.5971
2026-04,murder,0.9443,0.4246
2026-05,murder,0.5036,0.7553
2026-06,murder,0.6925,0.5031
2017-01,robbery,1.1232,1.3376
2017-02,robbery,0.8159,0.903
2017-03,robbery,0.7259,0.8361
2017-04,robbery,0.9007,0.8327
2017-05,robbery,0.7841,0.866
2017-06,robbery,0.9908,1.1226
2017-07,robbery,1.0491,0.983
2017-08,robbery,0.9908,1.0913
2017-09,robbery,1.0014,1.1116
2017-10,robbery,1.2292,1.1152
2017-11,robbery,1.0226,1.1038
2017-12,robbery,0.8583,1.2428
2018-01,robbery,0.9325,1.1046
2018-02,robbery,0.7736,0.7473
2018-03,robbery,0.7365,0.7812
2018-04,robbery,0.9007,0.7229
2018-05,robbery,0.763,0.8248
2018-06,robbery,0.9007,0.8883
2018-07,robbery,0.9908,0.9568
2018-08,robbery,0.9802,1.1174
2018-09,robbery,0.8848,0.9654
2018-10,robbery,1.0915,0.9854
2018-11,robbery,1.0279,1.0079
2018-12,robbery,0.7736,0.9401
2019-01,robbery,0.8795,0.8065
2019-02,robbery,0.657,0.7207
2019-03,robbery,0.7524,0.8549
2019-04,robbery,0.7524,0.7231
2019-05,robbery,0.9908,0.752
2019-06,robbery,1.1603,0.8758
2019-07,robbery,1.1497,1.0286
2019-08,robbery,1.1179,0.9156
2019-09,robbery,1.1338,0.8754
2019-10,robbery,1.208,1.1526
2019-11,robbery,1.102,0.9388
2019-12,robbery,0.9484,0.9623
2020-01,robbery,0.9325,1.0343
2020-02,robbery,0.6676,0.7282
2020-03,robbery,0.5616,0.6809
2020-04,robbery,0.6464,0.6908
2020-05,robbery,0.551,0.6845
2020-06,robbery,0.9325,0.834
2020-07,robbery,1.0067,0.962
2020-08,robbery,0.9113,1.0197
2020-09,robbery,0.9749,1.0001
2020-10,robbery,1.3723,1.2039
2020-11,robbery,1.1868,1.1733
2020-12,robbery,0.8424,1.0251
2021-01,robbery,0.9749,1.0562
2021-02,robbery,0.7365,0.8214
2021-03,robbery,0.5616,0.6531
2021-04,robbery,0.461,0.7307
2021-05,robbery,0.7312,0.8403
2021-06,robbery,0.8636,0.9716
2021-07,robbery,1.1603,1.1126
2021-08,robbery,1.0173,0.9353
2021-09,robbery,1.0756,0.8807
2021-10,robbery,1.1709,0.9992
2021-11,robbery,1.0967,0.8555
2021-12,robbery,0.9749,1.2348
2022-01,robbery,1.3617,1.1975
2022-02,robbery,1.1391,0.9327
2022-03,robbery,0.7947,0.9311
2022-04,robbery,0.8583,0.8349
2022-05,robbery,0.7259,0.8932
2022-06,robbery,0.6941,1.0093
2022-07,robbery,0.959,1.163
2022-08,robbery,0.8954,0.9831
2022-09,robbery,0.8106,0.92
2022-10,robbery,0.9166,0.9457
2022-11,robbery,0.9484,0.9653
2022-12,robbery,0.8583,1.0644
2023-01,robbery,1.0385,1.0999
2023-02,robbery,1.0067,0.9535
2023-03,robbery,1.208,1.0938
2023-04,robbery,1.3352,1.1996
2023-05,robbery,1.4941,1.0892
2023-06,robbery,2.0028,1.3761
2023-07,robbery,2.5167,1.5507
2023-08,robbery,1.7643,1.3986
2023-09,robbery,1.4676,1.2482
2023-10,robbery,1.7484,1.2904
2023-11,robbery,1.5206,1.4165
2023-12,robbery,1.2451,1.4672
2024-01,robbery,1.1497,1.0574
2024-02,robbery,0.9007,1.1727
2024-03,robbery,0.7577,1.01
2024-04,robbery,0.6941,1.0546
2024-05,robbery,0.853,1.0321
2024-06,robbery,1.0597,1.0989
2024-07,robbery,0.9272,1.0865
2024-08,robbery,0.959,1.0439
2024-09,robbery,1.1232,1.0978
2024-10,robbery,1.0385,0.9655
2024-11,robbery,0.8954,1.065
2024-12,robbery,0.8212,0.9697
2025-01,robbery,0.8795,0.7098
2025-02,robbery,0.5722,0.691
2025-03,robbery,0.5033,0.7175
2025-04,robbery,0.5404,0.8195
2025-05,robbery,0.853,0.6997
2025-06,robbery,0.6888,0.7589
2025-07,robbery,0.5298,0.685
2025-08,robbery,0.4927,0.6902
2025-09,robbery,0.4927,0.7324
2025-10,robbery,0.5192,0.6837
2025-11,robbery,0.5404,0.5563
2025-12,robbery,0.3762,0.4327
2026-01,robbery,0.3709,0.3499
2026-02,robbery,0.4715,0.4874
2026-03,robbery,0.5828,0.3934
2026-04,robbery,0.4663,0.3645
2026-05,robbery,0.6729,0.5314
2026-06,robbery,0.6835,0.4383
2017-01,property,1.1626,1.1734
2017-02,property,0.9355,0.9446
2017-03,property,0.905,0.9864
2017-04,property,1.0394,1.0263
2017-05,property,1.224,1.137
2017-06,property,1.1107,1.1395
2017-07,property,1.108,1.1662
2017-08,property,1.1008,1.1931
2017-09,property,1.0878,1.1196
2017-10,property,1.1407,1.1675
2017-11,property,1.0318,1.1003
2017-12,property,0.9928,1.1192
2018-01,property,0.9875,1.0091
2018-02,property,0.8396,0.8714
2018-03,property,0.909,0.9684
2018-04,property,0.9167,0.9955
2018-05,property,1.078,1.1188
2018-06,property,1.1223,1.1054
2018-07,property,1.2473,1.2003
2018-08,property,1.328,1.2038
2018-09,property,1.2755,1.1053
2018-10,property,1.3033,1.1772
2018-11,property,1.1331,1.0844
2018-12,property,1.1676,1.1344
2019-01,property,1.0824,1.0424
2019-02,property,0.9234,0.908
2019-03,property,0.9816,0.9464
2019-04,property,1.0076,0.9684
2019-05,property,1.0443,1.0897
2019-06,property,1.1053,1.1089
2019-07,property,1.1913,1.1875
2019-08,property,1.2115,1.1745
2019-09,property,1.1971,1.1229
2019-10,property,1.2733,1.1328
2019-11,property,1.142,1.0454
2019-12,property,1.1846,1.1249
2020-01,property,1.1792,1.0475
2020-02,property,1.0179,0.9289
2020-03,property,0.8719,0.8923
2020-04,property,0.6254,0.8013
2020-05,property,0.6926,0.8267
2020-06,property,0.8553,0.8718
2020-07,property,0.7657,0.8694
2020-08,property,0.9395,0.9154
2020-09,property,0.996,0.9111
2020-10,property,0.9489,0.9551
2020-11,property,0.9059,0.9309
2020-12,property,0.9153,0.9403
2021-01,property,0.7952,0.8509
2021-02,property,0.664,0.7218
2021-03,property,0.7473,0.7868
2021-04,property,0.7263,0.7677
2021-05,property,0.9574,0.9077
2021-06,property,0.9633,0.9402
2021-07,property,1.0175,0.9665
2021-08,property,1.0,0.9754
2021-09,property,1.0847,0.9887
2021-10,property,1.0869,0.9893
2021-11,property,0.8907,0.9106
2021-12,property,0.9108,0.9475
2022-01,property,0.832,0.8535
2022-02,property,0.7119,0.7577
2022-03,property,0.8181,0.8015
2022-04,property,0.7325,0.8151
2022-05,property,0.8436,0.9271
2022-06,property,0.8835,0.9576
2022-07,property,0.965,1.0068
2022-08,property,0.978,1.0209
2022-09,property,0.918,0.9863
2022-10,property,0.9431,1.0329
2022-11,property,0.9059,0.9376
2022-12,property,0.9153,0.9719
2023-01,property,1.0175,0.9395
2023-02,property,1.0027,0.8478
2023-03,property,0.94,0.9444
2023-04,property,0.9767,0.958
2023-05,property,1.1304,1.107
2023-06,property,1.1281,1.1094
2023-07,property,1.2249,1.2096
2023-08,property,1.215,1.1811
2023-09,property,1.009,1.0819
2023-10,property,1.0936,1.1356
2023-11,property,1.1873,0.9972
2023-12,property,1.0103,1.0454
2024-01,property,0.9117,0.9884
2024-02,property,0.8589,0.8934
2024-03,property,0.8051,0.9216
2024-04,property,0.8288,0.9148
2024-05,property,0.9507,0.9935
2024-06,property,0.9149,1.0049
2024-07,property,1.0049,1.0349
2024-08,property,1.0081,0.9957
2024-09,property,1.0255,1.0025
2024-10,property,1.1873,1.0065
2024-11,property,1.0824,0.9391
2024-12,property,0.9901,0.9361
2025-01,property,0.7961,0.821
2025-02,property,0.78,0.7603
2025-03,property,0.8221,0.8865
2025-04,property,0.8696,0.8638
2025-05,property,0.8934,0.944
2025-06,property,0.8902,0.9226
2025-07,property,0.9234,0.9467
2025-08,property,0.914,0.9547
2025-09,property,0.7621,0.9193
2025-10,property,0.6922,0.9425
2025-11,property,0.6828,0.8454
2025-12,property,0.6792,0.8727
2026-01,property,0.5739,0.7751
2026-02,property,0.53,0.6901
2026-03,property,0.6201,0.8221
2026-04,property,0.6259,0.8448
2026-05,property,0.7509,0.8835
2026-06,property,0.7074,0.8882
