week_start,count_total,count_violent,count_property,count_gun_violent,count_violent_ex_adw,count_homicide,count_sex_abuse,count_adw,count_robbery,count_burglary,count_mvt,count_theft_auto,count_theft_other,count_arson,norm_total,norm_violent,norm_property,norm_gun_violent,norm_violent_ex_adw,norm_homicide,norm_sex_abuse,norm_adw,norm_robbery,norm_burglary,norm_mvt,norm_theft_auto,norm_theft_other,norm_arson,ratio_total,ratio_violent,ratio_property,ratio_gun_violent,ratio_violent_ex_adw,ratio_homicide,ratio_sex_abuse,ratio_adw,ratio_robbery,ratio_burglary,ratio_mvt,ratio_theft_auto,ratio_theft_other,ratio_arson
2023-01-02,610,73,537,35,52,5,3,21,44,16,126,168,226,1,538.5,72.8,465.7,33.9,46.7,2.8,5.4,26.1,38.5,23.1,65.7,167.8,208.8,0.3,1.1328,1.0027,1.1531,1.0324,1.1135,1.7857,0.5556,0.8046,1.1429,0.6926,1.9178,1.0012,1.0824,3.3333
2023-01-09,579,67,512,44,36,1,2,31,33,20,110,163,219,0,565.0,80.4,484.6,41.8,52.5,2.0,3.6,27.9,46.9,23.1,60.2,175.4,225.8,0.1,1.0248,0.8333,1.0565,1.0526,0.6857,0.5,0.5556,1.1111,0.7036,0.8658,1.8272,0.9293,0.9699,0.0
2023-01-16,577,76,501,36,47,7,8,29,32,27,122,150,201,1,574.5,81.3,493.2,40.4,53.3,3.5,3.9,28.0,45.9,27.7,62.5,180.4,222.4,0.2,1.0044,0.9348,1.0158,0.8911,0.8818,2.0,2.0513,1.0357,0.6972,0.9747,1.952,0.8315,0.9038,5.0
2023-01-23,575,89,486,57,64,0,2,25,62,19,134,170,163,0,599.4,88.3,511.1,44.6,59.7,2.5,4.0,28.6,53.2,24.0,69.6,186.2,231.0,0.3,0.9593,1.0079,0.9509,1.278,1.072,0.0,0.5,0.8741,1.1654,0.7917,1.9253,0.913,0.7056,0.0
2023-01-30,591,81,510,40,64,9,4,17,51,13,145,131,219,2,540.9,77.3,463.6,36.5,52.8,3.3,3.8,24.5,45.7,24.6,67.5,154.1,217.0,0.4,1.0926,1.0479,1.1001,1.0959,1.2121,2.7273,1.0526,0.6939,1.116,0.5285,2.1481,0.8501,1.0092,5.0
2023-02-06,736,68,668,42,50,4,3,18,43,18,155,197,298,0,574.1,75.5,498.6,37.1,47.5,2.8,3.7,28.0,41.0,21.9,69.5,174.8,232.3,0.1,1.282,0.9007,1.3398,1.1321,1.0526,1.4286,0.8108,0.6429,1.0488,0.8219,2.2302,1.127,1.2828,0.0
2023-02-13,620,85,535,36,57,1,7,28,49,15,150,151,219,0,547.8,71.6,476.2,31.2,45.8,2.6,4.1,25.8,39.1,20.6,64.0,162.6,228.8,0.2,1.1318,1.1872,1.1235,1.1538,1.2445,0.3846,1.7073,1.0853,1.2532,0.7282,2.3438,0.9287,0.9572,0.0
2023-02-20,637,86,551,51,61,6,3,25,52,28,150,147,226,0,549.2,73.5,475.7,34.1,44.6,2.9,3.2,28.9,38.5,24.2,61.3,156.7,233.5,0.0,1.1599,1.1701,1.1583,1.4956,1.3677,2.069,0.9375,0.8651,1.3506,1.157,2.447,0.9381,0.9679,
2023-02-27,556,79,477,48,51,6,3,28,42,15,104,145,213,0,519.0,64.3,454.7,27.3,40.6,2.9,2.8,23.7,34.9,19.3,52.5,156.6,226.2,0.1,1.0713,1.2286,1.049,1.7582,1.2562,2.069,1.0714,1.1814,1.2034,0.7772,1.981,0.9259,0.9416,0.0
2023-03-06,548,71,477,39,47,3,3,24,41,24,115,123,214,1,506.8,59.1,447.7,24.4,35.8,2.1,3.8,23.3,29.9,23.4,59.2,146.3,218.7,0.1,1.0813,1.2014,1.0654,1.5984,1.3128,1.4286,0.7895,1.03,1.3712,1.0256,1.9426,0.8407,0.9785,10.0
2023-03-13,562,88,474,59,60,1,2,28,57,10,122,143,199,0,519.6,64.8,454.8,29.7,38.2,2.6,3.7,26.6,31.9,20.8,60.8,149.1,224.1,0.0,1.0816,1.358,1.0422,1.9865,1.5707,0.3846,0.5405,1.0526,1.7868,0.4808,2.0066,0.9591,0.888,
2023-03-20,552,81,471,51,58,4,4,23,50,17,125,122,207,0,507.1,68.6,438.5,30.0,41.2,3.1,3.3,27.4,34.8,20.6,57.3,144.9,215.7,0.0,1.0885,1.1808,1.0741,1.7,1.4078,1.2903,1.2121,0.8394,1.4368,0.8252,2.1815,0.842,0.9597,
2023-03-27,599,100,499,68,73,5,2,27,66,11,125,136,227,0,517.2,66.0,451.2,28.5,38.9,2.6,2.9,27.1,33.4,21.7,61.9,154.7,212.9,0.0,1.1582,1.5152,1.1059,2.386,1.8766,1.9231,0.6897,0.9963,1.976,0.5069,2.0194,0.8791,1.0662,
2023-04-03,583,96,487,54,68,4,5,28,59,25,134,94,234,0,512.6,66.2,446.4,27.4,40.3,3.1,5.6,25.9,31.6,21.3,67.6,143.3,214.0,0.2,1.1373,1.4502,1.0909,1.9708,1.6873,1.2903,0.8929,1.0811,1.8671,1.1737,1.9822,0.656,1.0935,0.0
2023-04-10,586,87,499,59,61,3,2,26,56,19,116,126,237,1,525.9,81.1,444.8,37.8,48.9,2.6,4.4,32.2,41.9,19.4,62.4,147.2,215.6,0.2,1.1143,1.0727,1.1219,1.5608,1.2474,1.1538,0.4545,0.8075,1.3365,0.9794,1.859,0.856,1.0993,5.0
2023-04-17,597,89,508,65,58,3,4,31,51,21,118,140,229,0,535.1,74.9,460.2,34.2,42.3,2.9,3.5,32.6,35.9,24.0,62.1,152.1,222.0,0.0,1.1157,1.1883,1.1039,1.9006,1.3712,1.0345,1.1429,0.9509,1.4206,0.875,1.9002,0.9204,1.0315,
2023-04-24,631,101,530,70,74,2,5,27,67,22,118,168,220,2,562.9,75.7,487.2,34.3,45.9,3.0,4.0,29.8,38.9,22.8,66.5,162.7,234.7,0.5,1.121,1.3342,1.0878,2.0408,1.6122,0.6667,1.25,0.906,1.7224,0.9649,1.7744,1.0326,0.9374,4.0
2023-05-01,684,86,598,52,57,7,3,29,47,26,157,177,238,0,551.9,76.0,475.9,35.6,44.1,4.2,3.7,31.9,36.2,23.2,72.7,157.2,222.5,0.3,1.2394,1.1316,1.2566,1.4607,1.2925,1.6667,0.8108,0.9091,1.2983,1.1207,2.1596,1.126,1.0697,0.0
2023-05-08,630,106,524,69,75,4,3,31,68,22,150,143,209,0,559.7,75.2,484.5,35.4,42.8,3.7,3.8,32.4,35.3,22.5,73.5,165.8,222.3,0.4,1.1256,1.4096,1.0815,1.9492,1.7523,1.0811,0.7895,0.9568,1.9263,0.9778,2.0408,0.8625,0.9402,0.0
2023-05-15,711,102,609,65,80,7,5,22,68,24,165,147,273,0,589.0,79.0,510.0,36.8,47.8,3.4,3.1,31.2,41.3,24.3,71.9,173.7,240.0,0.1,1.2071,1.2911,1.1941,1.7663,1.6736,2.0588,1.6129,0.7051,1.6465,0.9877,2.2949,0.8463,1.1375,0.0
2023-05-22,683,113,570,84,83,4,1,30,78,17,147,130,276,0,621.4,85.5,535.9,42.4,49.9,3.2,4.8,35.6,41.9,26.3,74.5,179.6,255.4,0.1,1.0991,1.3216,1.0636,1.9811,1.6633,1.25,0.2083,0.8427,1.8616,0.6464,1.9732,0.7238,1.0807,0.0
2023-05-29,638,100,538,73,63,5,1,37,57,26,158,113,241,0,624.4,84.1,540.3,39.9,49.5,3.6,4.2,34.6,41.7,47.5,77.6,170.3,244.6,0.3,1.0218,1.1891,0.9957,1.8296,1.2727,1.3889,0.2381,1.0694,1.3669,0.5474,2.0361,0.6635,0.9853,0.0
2023-06-05,675,107,568,83,70,7,2,37,61,18,142,139,269,0,604.5,85.1,519.4,43.6,49.9,3.3,3.1,35.2,43.5,27.3,70.7,169.1,252.0,0.3,1.1166,1.2573,1.0936,1.9037,1.4028,2.1212,0.6452,1.0511,1.4023,0.6593,2.0085,0.822,1.0675,0.0
2023-06-12,730,137,593,104,111,5,3,26,103,22,157,145,269,0,622.2,89.7,532.5,45.1,57.6,4.0,5.3,32.1,48.3,23.8,73.0,177.7,257.8,0.2,1.1733,1.5273,1.1136,2.306,1.9271,1.25,0.566,0.81,2.1325,0.9244,2.1507,0.816,1.0434,0.0
2023-06-19,730,123,607,87,96,2,5,27,89,26,177,166,238,0,630.5,90.5,540.0,46.3,57.4,2.9,4.4,33.1,50.1,28.0,77.5,174.8,259.5,0.2,1.1578,1.3591,1.1241,1.879,1.6725,0.6897,1.1364,0.8157,1.7764,0.9286,2.2839,0.9497,0.9171,0.0
2023-06-26,768,160,608,115,126,8,2,34,116,31,146,174,257,0,642.7,92.9,549.8,46.5,58.8,4.5,5.2,34.1,49.1,25.1,80.2,178.8,265.6,0.1,1.195,1.7223,1.1059,2.4731,2.1429,1.7778,0.3846,0.9971,2.3625,1.2351,1.8204,0.9732,0.9676,0.0
2023-07-03,662,143,519,99,107,9,5,36,93,16,141,149,213,0,577.6,91.7,485.9,44.9,56.1,4.2,4.8,35.6,47.1,23.0,71.4,149.2,242.3,0.0,1.1461,1.5594,1.0681,2.2049,1.9073,2.1429,1.0417,1.0112,1.9745,0.6957,1.9748,0.9987,0.8791,
2023-07-10,794,184,610,122,151,5,4,33,142,28,162,150,270,0,622.5,90.9,531.6,42.9,59.1,3.5,5.5,31.8,50.1,26.0,71.6,171.5,262.5,0.0,1.2755,2.0242,1.1475,2.8438,2.555,1.4286,0.7273,1.0377,2.8343,1.0769,2.2626,0.8746,1.0286,
2023-07-17,790,135,655,96,101,4,3,34,94,24,140,190,301,0,642.7,94.2,548.5,44.3,62.8,5.0,3.9,31.4,53.9,26.5,76.7,171.0,274.2,0.1,1.2292,1.4331,1.1942,2.167,1.6083,0.8,0.7692,1.0828,1.744,0.9057,1.8253,1.1111,1.0977,0.0
2023-07-24,833,139,694,87,107,3,3,32,101,21,160,184,329,0,669.4,87.3,582.1,43.6,55.9,3.5,3.7,31.4,48.7,28.4,81.1,192.0,280.6,0.0,1.2444,1.5922,1.1922,1.9954,1.9141,0.8571,0.8108,1.0191,2.0739,0.7394,1.9729,0.9583,1.1725,
2023-07-31,725,125,600,71,99,14,4,26,81,28,162,146,264,0,633.5,86.8,546.7,40.9,54.9,4.2,4.6,31.9,46.1,27.1,78.5,180.6,260.4,0.1,1.1444,1.4401,1.0975,1.7359,1.8033,3.3333,0.8696,0.815,1.757,1.0332,2.0637,0.8084,1.0138,0.0
2023-08-07,819,115,704,84,90,4,5,25,81,26,148,199,331,0,649.5,83.0,566.5,41.1,50.2,3.1,4.7,32.8,42.4,22.5,81.4,184.2,278.4,0.0,1.261,1.3855,1.2427,2.0438,1.7928,1.2903,1.0638,0.7622,1.9104,1.1556,1.8182,1.0803,1.1889,
2023-08-14,766,111,655,84,82,6,2,29,74,21,136,175,323,0,676.3,92.6,583.7,44.6,59.1,4.1,5.3,33.5,49.7,29.5,72.4,199.6,282.1,0.1,1.1326,1.1987,1.1222,1.8834,1.3875,1.4634,0.3774,0.8657,1.4889,0.7119,1.8785,0.8768,1.145,0.0
2023-08-21,640,119,521,76,95,5,7,24,83,22,116,118,264,1,671.7,94.1,577.6,43.9,59.7,3.5,6.0,34.4,50.2,31.2,74.4,196.3,275.6,0.1,0.9528,1.2646,0.902,1.7312,1.5913,1.4286,1.1667,0.6977,1.6534,0.7051,1.5591,0.6011,0.9579,10.0
2023-08-28,658,116,542,73,77,6,5,39,66,13,125,158,246,0,639.8,93.4,546.4,44.1,58.6,4.0,5.3,34.8,49.3,30.0,67.3,175.0,273.9,0.2,1.0284,1.242,0.9919,1.6553,1.314,1.5,0.9434,1.1207,1.3387,0.4333,1.8574,0.9029,0.8981,0.0
2023-09-04,572,91,481,54,59,6,1,32,52,19,107,123,232,0,633.6,92.5,541.1,41.2,55.7,3.0,4.3,36.8,48.4,27.8,68.0,176.3,268.8,0.2,0.9028,0.9838,0.8889,1.3107,1.0592,2.0,0.2326,0.8696,1.0744,0.6835,1.5735,0.6977,0.8631,0.0
2023-09-11,586,96,490,56,73,2,6,23,65,22,114,118,236,0,670.2,87.8,582.4,39.6,55.5,3.8,5.4,32.3,46.3,34.3,77.1,195.4,275.5,0.1,0.8744,1.0934,0.8413,1.4141,1.3153,0.5263,1.1111,0.7121,1.4039,0.6414,1.4786,0.6039,0.8566,0.0
2023-09-18,646,89,557,45,67,4,1,22,62,18,134,122,283,0,690.7,92.2,598.5,43.8,59.1,3.7,3.6,33.1,51.8,33.6,75.7,194.3,294.8,0.1,0.9353,0.9653,0.9307,1.0274,1.1337,1.0811,0.2778,0.6647,1.1969,0.5357,1.7701,0.6279,0.96,0.0
2023-09-25,711,124,587,71,96,17,3,28,76,21,140,141,285,0,695.2,97.7,597.5,43.4,63.9,4.4,5.2,33.8,54.3,30.0,75.8,205.6,286.0,0.1,1.0227,1.2692,0.9824,1.6359,1.5023,3.8636,0.5769,0.8284,1.3996,0.7,1.847,0.6858,0.9965,0.0
2023-10-02,703,118,585,76,86,5,5,32,76,19,106,145,315,0,652.1,89.2,562.9,42.9,56.8,3.5,4.0,32.4,49.3,30.0,75.1,178.3,279.5,0.0,1.0781,1.3229,1.0393,1.7716,1.5141,1.4286,1.25,0.9877,1.5416,0.6333,1.4115,0.8132,1.127,
2023-10-09,623,91,532,50,64,1,4,27,59,20,142,125,245,0,681.4,90.7,590.7,42.1,61.1,3.6,3.8,29.6,53.7,27.8,75.7,201.9,285.1,0.2,0.9143,1.0033,0.9006,1.1876,1.0475,0.2778,1.0526,0.9122,1.0987,0.7194,1.8758,0.6191,0.8593,0.0
2023-10-16,641,96,545,60,73,6,4,23,63,22,121,158,244,0,693.5,99.4,594.1,45.6,68.0,4.5,4.0,31.4,59.5,34.4,70.5,204.8,284.2,0.2,0.9243,0.9658,0.9174,1.3158,1.0735,1.3333,1.0,0.7325,1.0588,0.6395,1.7163,0.7715,0.8586,0.0
2023-10-23,644,134,510,92,102,2,2,32,98,23,96,135,256,0,696.7,100.9,595.8,48.2,67.4,3.6,5.7,33.5,58.1,29.1,65.0,209.4,292.3,0.0,0.9244,1.328,0.856,1.9087,1.5134,0.5556,0.3509,0.9552,1.6867,0.7904,1.4769,0.6447,0.8758,
2023-10-30,690,93,597,65,69,8,0,24,61,27,134,155,281,0,644.2,93.1,551.1,41.0,62.1,4.2,4.3,31.0,53.6,29.6,70.1,182.2,268.8,0.4,1.0711,0.9989,1.0833,1.5854,1.1111,1.9048,0.0,0.7742,1.1381,0.9122,1.9116,0.8507,1.0454,0.0
2023-11-06,703,93,610,52,68,2,4,25,62,22,114,147,327,0,640.8,91.3,549.5,45.6,60.0,3.8,4.0,31.3,52.2,24.8,69.0,185.8,269.9,0.0,1.0971,1.0186,1.1101,1.1404,1.1333,0.5263,1.0,0.7987,1.1877,0.8871,1.6522,0.7912,1.2116,
2023-11-13,798,121,677,71,90,8,6,31,76,23,109,187,358,0,658.5,87.6,570.9,41.9,58.1,3.5,4.8,29.5,49.8,25.7,68.3,202.3,274.6,0.0,1.2118,1.3813,1.1858,1.6945,1.5491,2.2857,1.25,1.0508,1.5261,0.8949,1.5959,0.9244,1.3037,
2023-11-20,664,96,568,66,72,4,2,24,66,24,100,149,295,0,639.0,85.6,553.4,45.6,55.3,2.5,3.5,30.3,49.3,26.8,69.7,200.3,256.6,0.0,1.0391,1.1215,1.0264,1.4474,1.302,1.6,0.5714,0.7921,1.3387,0.8955,1.4347,0.7439,1.1496,
2023-11-27,724,100,624,61,83,3,8,17,72,17,99,180,328,0,643.1,82.4,560.7,39.4,54.1,3.6,4.0,28.3,46.5,31.1,64.9,202.3,262.3,0.1,1.1258,1.2136,1.1129,1.5482,1.5342,0.8333,2.0,0.6007,1.5484,0.5466,1.5254,0.8898,1.2505,0.0
2023-12-04,664,82,582,51,67,3,4,15,60,23,111,157,290,1,639.2,79.2,560.0,37.9,51.2,3.3,3.7,28.0,44.2,27.8,61.9,205.3,264.9,0.1,1.0388,1.0354,1.0393,1.3456,1.3086,0.9091,1.0811,0.5357,1.3575,0.8273,1.7932,0.7647,1.0948,10.0
2023-12-11,597,86,511,48,70,5,6,16,59,22,104,132,252,1,640.0,83.4,556.6,37.9,54.0,2.9,3.7,29.4,47.4,27.6,70.2,188.4,270.1,0.3,0.9328,1.0312,0.9181,1.2665,1.2963,1.7241,1.6216,0.5442,1.2447,0.7971,1.4815,0.7006,0.933,3.3333
2023-12-18,592,72,520,42,64,6,5,8,53,22,104,135,259,0,627.5,74.3,553.2,39.4,48.6,2.8,3.5,25.7,42.3,23.4,70.0,198.8,261.0,0.0,0.9434,0.969,0.94,1.066,1.3169,2.1429,1.4286,0.3113,1.253,0.9402,1.4857,0.6791,0.9923,
2023-12-25,515,80,435,54,49,5,5,31,39,16,87,130,202,0,533.1,73.8,459.3,39.1,44.1,3.4,3.0,29.7,37.7,24.3,59.5,172.2,203.3,0.0,0.966,1.084,0.9471,1.3811,1.1111,1.4706,1.6667,1.0438,1.0345,0.6584,1.4622,0.7549,0.9936,
2024-01-01,518,73,445,45,46,3,6,27,37,20,110,135,180,0,547.8,76.2,471.6,35.4,48.1,2.7,5.7,28.1,39.7,24.1,64.2,172.9,210.0,0.4,0.9456,0.958,0.9436,1.2712,0.9563,1.1111,1.0526,0.9609,0.932,0.8299,1.7134,0.7808,0.8571,0.0
2024-01-08,484,78,406,54,59,0,4,19,55,17,84,113,192,0,555.5,76.6,478.9,40.1,50.8,2.4,3.8,25.8,44.6,22.8,56.8,175.9,223.3,0.1,0.8713,1.0183,0.8478,1.3466,1.1614,0.0,1.0526,0.7364,1.2332,0.7456,1.4789,0.6424,0.8598,0.0
2024-01-15,504,70,434,39,53,3,4,17,46,20,90,110,214,0,570.4,83.1,487.3,41.1,53.5,3.1,3.5,29.6,46.9,27.2,64.5,176.6,218.9,0.1,0.8836,0.8424,0.8906,0.9489,0.9907,0.9677,1.1429,0.5743,0.9808,0.7353,1.3953,0.6229,0.9776,0.0
2024-01-22,577,73,504,46,60,3,5,13,52,11,105,115,273,0,596.9,86.2,510.7,44.5,59.0,2.7,4.3,27.2,52.0,24.4,70.3,185.6,230.1,0.3,0.9667,0.8469,0.9869,1.0337,1.0169,1.1111,1.1628,0.4779,1.0,0.4508,1.4936,0.6196,1.1864,0.0
2024-01-29,583,84,499,45,66,3,5,18,58,14,107,125,252,1,549.6,78.6,471.0,37.5,53.3,2.9,2.8,25.3,47.6,25.0,67.5,156.4,221.7,0.4,1.0608,1.0687,1.0594,1.2,1.2383,1.0345,1.7857,0.7115,1.2185,0.56,1.5852,0.7992,1.1367,2.5
2024-02-05,552,73,479,42,56,2,4,17,50,13,103,105,258,0,579.2,77.6,501.6,36.7,50.1,3.3,4.6,27.5,42.2,22.0,68.9,177.8,232.7,0.2,0.953,0.9407,0.9549,1.1444,1.1178,0.6061,0.8696,0.6182,1.1848,0.5909,1.4949,0.5906,1.1087,0.0
2024-02-12,496,53,443,31,38,5,1,15,32,14,70,121,238,0,539.5,69.2,470.3,30.0,43.3,2.3,3.8,25.9,37.2,20.6,63.6,161.9,224.1,0.1,0.9194,0.7659,0.942,1.0333,0.8776,2.1739,0.2632,0.5792,0.8602,0.6796,1.1006,0.7474,1.062,0.0
2024-02-19,543,56,487,33,41,4,3,15,34,17,80,145,245,0,547.8,76.9,470.9,36.4,47.6,3.2,3.4,29.3,41.0,23.7,62.6,152.0,232.5,0.1,0.9912,0.7282,1.0342,0.9066,0.8613,1.25,0.8824,0.5119,0.8293,0.7173,1.278,0.9539,1.0538,0.0
2024-02-26,473,57,416,29,42,2,3,15,37,11,73,127,205,0,540.63,64.07,476.57,28.37,37.57,2.4,3.17,26.5,32.0,20.97,54.1,164.5,236.67,0.33,0.8749,0.8897,0.8729,1.0223,1.118,0.8333,0.9474,0.566,1.1562,0.5246,1.3494,0.772,0.8662,0.0
2024-03-04,420,45,375,17,34,3,4,11,27,7,73,107,187,1,500.6,60.1,440.5,24.3,36.1,2.1,3.6,24.0,30.4,22.2,55.0,144.7,218.5,0.1,0.839,0.7488,0.8513,0.6996,0.9418,1.4286,1.1111,0.4583,0.8882,0.3153,1.3273,0.7395,0.8558,10.0
2024-03-11,473,50,423,31,37,0,1,13,36,11,85,101,226,0,520.3,64.5,455.8,30.1,38.8,2.4,3.6,25.7,32.8,21.5,62.9,148.4,222.9,0.1,0.9091,0.7752,0.928,1.0299,0.9536,0.0,0.2778,0.5058,1.0976,0.5116,1.3514,0.6806,1.0139,0.0
2024-03-18,486,65,421,39,47,4,2,18,41,21,76,99,225,0,505.1,65.5,439.6,28.8,40.7,3.2,3.3,24.8,34.2,20.4,56.7,141.1,221.4,0.0,0.9622,0.9924,0.9577,1.3542,1.1548,1.25,0.6061,0.7258,1.1988,1.0294,1.3404,0.7016,1.0163,
2024-03-25,492,54,438,30,32,2,2,22,28,20,93,107,218,0,526.6,70.1,456.5,30.2,41.2,2.3,3.3,28.9,35.6,21.9,60.3,157.6,216.7,0.0,0.9343,0.7703,0.9595,0.9934,0.7767,0.8696,0.6061,0.7612,0.7865,0.9132,1.5423,0.6789,1.006,
2024-04-01,453,50,403,24,35,7,5,15,23,14,88,90,210,1,505.1,62.9,442.2,26.0,37.4,3.8,5.1,25.5,28.5,21.8,68.6,143.9,207.8,0.1,0.8969,0.7949,0.9114,0.9231,0.9358,1.8421,0.9804,0.5882,0.807,0.6422,1.2828,0.6254,1.0106,10.0
2024-04-08,483,80,403,46,48,3,8,32,37,12,95,98,198,0,515.4,77.8,437.6,36.0,47.2,2.4,4.3,30.6,40.5,19.5,62.7,145.8,209.3,0.3,0.9371,1.0283,0.9209,1.2778,1.0169,1.25,1.8605,1.0458,0.9136,0.6154,1.5152,0.6722,0.946,0.0
2024-04-15,494,57,437,23,34,1,5,23,28,12,78,134,213,0,537.1,77.8,459.3,35.5,45.6,2.8,3.8,32.2,39.0,22.3,59.9,152.5,224.6,0.0,0.9198,0.7326,0.9514,0.6479,0.7456,0.3571,1.3158,0.7143,0.7179,0.5381,1.3022,0.8787,0.9484,
2024-04-22,504,52,452,36,36,5,2,16,29,15,93,114,230,0,555.1,73.0,482.1,34.4,43.2,3.0,3.9,29.8,36.3,24.0,68.1,157.7,231.9,0.4,0.9079,0.7123,0.9376,1.0465,0.8333,1.6667,0.5128,0.5369,0.7989,0.625,1.3656,0.7229,0.9918,0.0
2024-04-29,465,74,391,43,45,4,2,29,39,18,75,109,189,0,549.0,78.8,470.2,36.3,45.6,4.0,3.4,33.2,38.2,22.6,68.0,159.8,219.4,0.4,0.847,0.9391,0.8316,1.1846,0.9868,1.0,0.5882,0.8735,1.0209,0.7965,1.1029,0.6821,0.8614,0.0
2024-05-06,521,49,472,32,24,4,2,25,18,9,97,148,218,0,575.2,75.3,499.9,34.0,43.0,3.7,4.5,32.3,34.8,23.4,76.9,164.8,234.7,0.1,0.9058,0.6507,0.9442,0.9412,0.5581,1.0811,0.4444,0.774,0.5172,0.3846,1.2614,0.8981,0.9288,0.0
2024-05-13,543,61,482,33,44,1,0,17,43,12,105,143,222,0,567.8,77.2,490.6,35.7,46.6,3.1,3.0,30.6,40.5,22.4,70.5,169.4,227.9,0.4,0.9563,0.7902,0.9825,0.9244,0.9442,0.3226,0.0,0.5556,1.0617,0.5357,1.4894,0.8442,0.9741,0.0
2024-05-20,583,81,502,46,50,6,3,31,41,21,113,152,216,0,615.5,81.6,533.9,39.7,48.0,3.1,3.9,33.6,41.0,28.4,76.8,179.4,249.2,0.1,0.9472,0.9926,0.9403,1.1587,1.0417,1.9355,0.7692,0.9226,1.0,0.7394,1.4714,0.8473,0.8668,0.0
2024-05-27,619,84,535,54,56,6,8,28,42,18,119,162,236,0,636.7,89.2,547.5,43.9,53.1,4.4,5.2,36.1,43.5,41.7,74.3,176.7,254.6,0.2,0.9722,0.9417,0.9772,1.2301,1.0546,1.3636,1.5385,0.7756,0.9655,0.4317,1.6016,0.9168,0.9269,0.0
2024-06-03,525,71,454,44,42,1,5,29,36,19,98,133,204,0,586.2,78.9,507.3,38.8,44.7,3.1,2.5,34.2,39.1,32.8,72.3,162.3,239.6,0.3,0.8956,0.8999,0.8949,1.134,0.9396,0.3226,2.0,0.848,0.9207,0.5793,1.3555,0.8195,0.8514,0.0
2024-06-10,550,86,464,51,58,5,9,28,44,10,82,128,244,0,622.5,91.6,530.9,46.7,56.9,4.2,4.8,34.7,47.9,22.6,72.9,179.8,255.4,0.2,0.8835,0.9389,0.874,1.0921,1.0193,1.1905,1.875,0.8069,0.9186,0.4425,1.1248,0.7119,0.9554,0.0
2024-06-17,562,92,470,66,65,5,2,27,58,23,88,114,245,0,632.4,92.8,539.6,49.4,59.9,3.2,4.8,32.9,51.9,26.7,76.9,172.8,263.0,0.2,0.8887,0.9914,0.871,1.336,1.0851,1.5625,0.4167,0.8207,1.1175,0.8614,1.1443,0.6597,0.9316,0.0
2024-06-24,613,79,534,56,56,3,1,23,52,22,93,141,278,0,648.3,89.3,559.0,41.7,56.5,3.1,5.8,32.8,47.6,27.5,80.9,180.4,270.1,0.1,0.9455,0.8847,0.9553,1.3429,0.9912,0.9677,0.1724,0.7012,1.0924,0.8,1.1496,0.7816,1.0292,0.0
2024-07-01,552,69,483,49,46,3,1,23,42,20,75,107,281,0,573.9,92.2,481.7,46.3,56.6,5.4,4.2,35.6,47.0,21.8,67.9,152.7,239.2,0.1,0.9618,0.7484,1.0027,1.0583,0.8127,0.5556,0.2381,0.6461,0.8936,0.9174,1.1046,0.7007,1.1747,0.0
2024-07-08,538,63,475,42,45,3,3,18,39,16,100,112,247,0,614.5,88.5,526.0,42.3,57.1,3.4,5.3,31.4,48.4,26.0,74.9,165.9,259.2,0.0,0.8755,0.7119,0.903,0.9929,0.7881,0.8824,0.566,0.5732,0.8058,0.6154,1.3351,0.6751,0.9529,
2024-07-15,553,66,487,32,48,4,3,18,41,21,84,118,264,0,648.6,95.6,553.0,44.1,64.0,3.7,4.5,31.6,55.8,25.0,76.0,173.7,278.2,0.1,0.8526,0.6904,0.8807,0.7256,0.75,1.0811,0.6667,0.5696,0.7348,0.84,1.1053,0.6793,0.949,0.0
2024-07-22,599,73,526,42,45,6,2,28,37,30,95,131,270,0,664.4,91.8,572.6,46.1,58.9,4.3,3.9,32.9,50.7,28.4,80.6,182.8,280.8,0.0,0.9016,0.7952,0.9186,0.9111,0.764,1.3953,0.5128,0.8511,0.7298,1.0563,1.1787,0.7166,0.9615,
2024-07-29,597,62,535,34,44,7,3,18,34,27,94,134,280,0,649.6,87.7,561.9,43.0,55.6,4.4,4.7,32.1,46.5,28.9,77.7,189.1,266.1,0.1,0.919,0.707,0.9521,0.7907,0.7914,1.5909,0.6383,0.5607,0.7312,0.9343,1.2098,0.7086,1.0522,0.0
2024-08-05,570,65,505,37,41,0,4,24,37,30,89,108,278,0,633.5,81.0,552.5,40.0,50.1,3.3,4.0,30.9,42.8,20.9,82.7,180.3,268.6,0.0,0.8998,0.8025,0.914,0.925,0.8184,0.0,1.0,0.7767,0.8645,1.4354,1.0762,0.599,1.035,
2024-08-12,579,68,511,44,54,1,2,14,51,30,102,109,270,0,674.0,92.6,581.4,44.6,58.4,3.2,5.3,34.2,49.9,30.0,72.3,200.1,278.9,0.1,0.8591,0.7343,0.8789,0.9865,0.9247,0.3125,0.3774,0.4094,1.022,1.0,1.4108,0.5447,0.9681,0.0
2024-08-19,669,72,597,48,45,5,2,27,38,30,131,148,288,0,672.1,92.4,579.7,43.8,57.8,4.2,5.9,34.6,47.7,30.6,74.6,196.9,277.5,0.1,0.9954,0.7792,1.0298,1.0959,0.7785,1.1905,0.339,0.7803,0.7966,0.9804,1.756,0.7517,1.0378,0.0
2024-08-26,496,63,433,39,51,5,2,12,44,19,87,95,232,0,656.8,94.2,562.6,42.6,58.7,3.4,5.7,35.5,49.6,30.4,70.2,179.3,282.5,0.2,0.7552,0.6688,0.7696,0.9155,0.8688,1.4706,0.3509,0.338,0.8871,0.625,1.2393,0.5298,0.8212,0.0
2024-09-02,543,68,475,38,53,4,1,15,48,20,104,109,242,0,623.1,91.5,531.6,41.6,56.5,3.7,4.2,35.0,48.6,29.0,65.9,173.9,262.8,0.0,0.8714,0.7432,0.8935,0.9135,0.9381,1.0811,0.2381,0.4286,0.9877,0.6897,1.5781,0.6268,0.9209,
2024-09-09,587,69,518,40,56,4,0,13,52,33,109,145,230,1,652.0,86.3,565.7,38.0,52.9,3.5,4.7,33.4,44.7,29.5,75.9,187.1,272.9,0.3,0.9003,0.7995,0.9157,1.0526,1.0586,1.1429,0.0,0.3892,1.1633,1.1186,1.4361,0.775,0.8428,3.3333
2024-09-16,627,86,541,55,56,4,2,30,50,27,107,152,255,0,689.1,93.0,596.1,45.2,59.8,3.7,4.3,33.2,51.8,36.5,75.5,193.2,290.8,0.1,0.9099,0.9247,0.9076,1.2168,0.9365,1.0811,0.4651,0.9036,0.9653,0.7397,1.4172,0.7867,0.8769,0.0
2024-09-23,659,76,583,49,59,1,1,17,57,23,122,177,261,0,695.4,97.0,598.4,43.0,63.3,4.7,4.7,33.7,53.9,29.9,76.2,206.2,286.0,0.1,0.9477,0.7835,0.9743,1.1395,0.9321,0.2128,0.2128,0.5045,1.0575,0.7692,1.601,0.8584,0.9126,0.0
2024-09-30,618,57,561,33,42,5,2,15,35,13,97,138,313,0,657.9,90.9,567.0,42.7,59.1,2.6,4.3,31.8,52.2,29.3,74.5,183.1,280.1,0.0,0.9394,0.6271,0.9894,0.7728,0.7107,1.9231,0.4651,0.4717,0.6705,0.4437,1.302,0.7537,1.1175,
2024-10-07,695,57,638,30,43,6,1,14,36,21,129,136,352,0,687.2,90.8,596.4,43.5,60.5,4.7,4.4,30.3,51.4,28.9,78.4,198.8,290.3,0.0,1.0114,0.6278,1.0698,0.6897,0.7107,1.2766,0.2273,0.462,0.7004,0.7266,1.6454,0.6841,1.2125,
2024-10-14,692,85,607,49,59,3,1,26,55,41,116,152,298,0,682.5,95.8,586.7,41.9,64.7,3.7,4.0,31.1,57.0,34.1,70.4,204.4,277.5,0.3,1.0139,0.8873,1.0346,1.1695,0.9119,0.8108,0.25,0.836,0.9649,1.2023,1.6477,0.7436,1.0739,0.0
2024-10-21,686,82,604,55,64,7,5,18,52,26,105,153,320,0,708.3,102.0,606.3,50.4,67.9,3.9,4.4,34.1,59.6,29.0,68.1,209.7,299.4,0.1,0.9685,0.8039,0.9962,1.0913,0.9426,1.7949,1.1364,0.5279,0.8725,0.8966,1.5419,0.7296,1.0688,0.0
2024-10-28,617,64,553,36,49,4,4,15,41,28,100,133,292,0,658.3,97.8,560.5,42.4,65.7,4.0,5.4,32.1,56.3,30.9,70.4,185.6,273.2,0.4,0.9373,0.6544,0.9866,0.8491,0.7458,1.0,0.7407,0.4673,0.7282,0.9061,1.4205,0.7166,1.0688,0.0
2024-11-04,600,68,532,37,54,7,5,14,42,11,115,139,267,0,630.4,85.6,544.8,41.9,56.3,4.1,3.9,29.3,48.3,24.6,68.7,188.1,263.4,0.0,0.9518,0.7944,0.9765,0.8831,0.9591,1.7073,1.2821,0.4778,0.8696,0.4472,1.6739,0.739,1.0137,
2024-11-11,630,47,583,25,32,2,0,15,30,18,117,135,313,0,648.1,93.5,554.6,46.9,61.1,3.9,4.1,32.4,53.1,25.8,65.7,192.9,270.2,0.0,0.9721,0.5027,1.0512,0.533,0.5237,0.5128,0.0,0.463,0.565,0.6977,1.7808,0.6998,1.1584,
2024-11-18,657,49,608,32,36,1,1,13,34,14,122,179,293,0,660.1,86.3,573.8,43.4,57.2,2.7,4.8,29.1,49.7,26.5,70.0,204.4,272.9,0.0,0.9953,0.5678,1.0596,0.7373,0.6294,0.3704,0.2083,0.4467,0.6841,0.5283,1.7429,0.8757,1.0737,
2024-11-25,628,70,558,33,49,2,2,21,45,22,130,142,264,0,633.7,83.2,550.5,40.4,53.8,2.8,3.3,29.4,47.7,30.3,65.2,201.2,253.7,0.1,0.991,0.8413,1.0136,0.8168,0.9108,0.7143,0.6061,0.7143,0.9434,0.7261,1.9939,0.7058,1.0406,0.0
2024-12-02,610,58,552,29,43,3,1,15,39,30,109,144,269,0,639.1,82.5,556.6,40.6,54.5,3.7,4.2,28.0,46.6,27.7,62.1,199.7,267.0,0.1,0.9545,0.703,0.9917,0.7143,0.789,0.8108,0.2381,0.5357,0.8369,1.083,1.7552,0.7211,1.0075,0.0
2024-12-09,579,62,517,40,40,2,0,22,38,19,104,132,262,0,639.2,80.0,559.2,36.7,52.0,2.8,3.6,28.0,45.6,28.3,70.3,194.3,266.0,0.3,0.9058,0.775,0.9245,1.0899,0.7692,0.7143,0.0,0.7857,0.8333,0.6714,1.4794,0.6794,0.985,0.0
2024-12-16,594,53,541,38,32,2,0,21,30,21,98,149,273,0,639.6,75.6,564.0,38.6,48.7,3.1,3.2,26.9,42.4,25.5,69.5,201.4,267.6,0.0,0.9287,0.7011,0.9592,0.9845,0.6571,0.6452,0.0,0.7807,0.7075,0.8235,1.4101,0.7398,1.0202,
2024-12-23,427,48,379,33,34,2,1,14,31,12,91,95,181,0,532.6,73.9,458.7,38.9,45.0,2.7,3.2,28.9,39.1,23.2,60.5,170.0,205.0,0.0,0.8017,0.6495,0.8262,0.8483,0.7556,0.7407,0.3125,0.4844,0.7928,0.5172,1.5041,0.5588,0.8829,
2024-12-30,536,60,476,37,41,4,2,19,35,15,90,132,239,0,570.1,78.7,491.4,38.4,49.3,3.1,5.2,29.4,41.0,25.4,63.1,183.3,219.5,0.1,0.9402,0.7624,0.9687,0.9635,0.8316,1.2903,0.3846,0.6463,0.8537,0.5906,1.4263,0.7201,1.0888,0.0
2025-01-06,337,26,311,14,19,0,1,7,18,7,58,80,166,0,540.1,69.2,470.9,33.7,45.3,2.7,4.0,23.9,38.6,21.5,58.1,170.3,220.7,0.3,0.624,0.3757,0.6604,0.4154,0.4194,0.0,0.25,0.2929,0.4663,0.3256,0.9983,0.4698,0.7522,0.0
2025-01-13,508,76,432,42,61,6,1,15,54,13,88,120,210,1,576.7,85.4,491.3,43.3,55.3,2.7,3.6,30.1,49.0,27.2,65.0,178.7,220.2,0.2,0.8809,0.8899,0.8793,0.97,1.1031,2.2222,0.2778,0.4983,1.102,0.4779,1.3538,0.6715,0.9537,5.0
2025-01-20,437,48,389,33,36,1,1,12,34,16,107,103,162,1,583.6,81.9,501.7,42.9,54.1,2.6,3.6,27.8,47.9,25.2,66.8,183.4,226.0,0.3,0.7488,0.5861,0.7754,0.7692,0.6654,0.3846,0.2778,0.4317,0.7098,0.6349,1.6018,0.5616,0.7168,3.3333
2025-01-27,500,61,439,40,48,2,2,13,44,22,106,106,205,0,574.7,84.5,490.2,41.7,58.5,3.4,3.3,26.0,51.8,24.7,70.0,167.9,227.3,0.3,0.87,0.7219,0.8956,0.9592,0.8205,0.5882,0.6061,0.5,0.8494,0.8907,1.5143,0.6313,0.9019,0.0
2025-02-03,511,62,449,34,51,8,1,11,42,17,124,117,191,0,563.8,77.0,486.8,34.0,52.0,2.9,4.6,25.0,44.5,23.0,69.0,165.8,228.8,0.2,0.9063,0.8052,0.9224,1.0,0.9808,2.7586,0.2174,0.44,0.9438,0.7391,1.7971,0.7057,0.8348,0.0
2025-02-10,496,43,453,26,29,3,3,14,23,20,116,124,193,0,545.5,70.0,475.5,33.2,43.1,2.6,4.0,26.9,36.5,20.6,64.2,165.4,225.1,0.2,0.9093,0.6143,0.9527,0.7831,0.6729,1.1538,0.75,0.5204,0.6301,0.9709,1.8069,0.7497,0.8574,0.0
2025-02-17,491,44,447,29,25,3,0,19,22,26,101,113,207,0,548.3,76.6,471.7,34.9,47.4,2.7,3.7,29.2,41.0,22.8,63.2,157.3,228.3,0.1,0.8955,0.5744,0.9476,0.8309,0.5274,1.1111,0.0,0.6507,0.5366,1.1404,1.5981,0.7184,0.9067,0.0
2025-02-24,443,51,392,26,30,2,2,21,26,14,65,92,221,0,544.3,68.4,475.9,30.2,41.8,3.2,2.8,26.6,35.8,21.2,55.5,164.1,235.1,0.0,0.8139,0.7456,0.8237,0.8609,0.7177,0.625,0.7143,0.7895,0.7263,0.6604,1.1712,0.5606,0.94,
2025-03-03,432,28,404,11,20,0,4,8,16,19,72,102,211,0,500.2,58.9,441.3,24.3,36.4,2.1,3.4,22.5,30.9,22.6,53.7,146.1,218.8,0.1,0.8637,0.4754,0.9155,0.4527,0.5495,0.0,1.1765,0.3556,0.5178,0.8407,1.3408,0.6982,0.9644,0.0
2025-03-10,434,39,395,28,21,1,3,18,17,20,107,94,174,0,515.3,64.2,451.1,29.6,38.7,2.7,3.7,25.5,32.3,20.5,61.5,147.5,221.5,0.1,0.8422,0.6075,0.8756,0.9459,0.5426,0.3704,0.8108,0.7059,0.5263,0.9756,1.7398,0.6373,0.7856,0.0
2025-03-17,472,39,433,20,27,3,3,12,21,13,90,97,233,0,507.0,64.6,442.4,28.1,38.8,2.9,3.6,25.8,32.3,20.1,58.1,141.4,222.8,0.0,0.931,0.6037,0.9788,0.7117,0.6959,1.0345,0.8333,0.4651,0.6502,0.6468,1.5491,0.686,1.0458,
2025-03-24,481,52,429,23,31,3,4,21,24,18,83,131,197,0,523.8,69.3,454.5,30.1,41.0,2.5,3.1,28.3,35.4,21.9,61.1,156.1,215.4,0.0,0.9183,0.7504,0.9439,0.7641,0.7561,1.2,1.2903,0.742,0.678,0.8219,1.3584,0.8392,0.9146,
2025-03-31,465,43,422,17,23,3,3,20,17,13,108,119,182,0,509.5,63.3,446.2,27.1,37.6,3.6,5.0,25.7,29.0,22.4,68.1,145.4,210.2,0.1,0.9127,0.6793,0.9458,0.6273,0.6117,0.8333,0.6,0.7782,0.5862,0.5804,1.5859,0.8184,0.8658,0.0
2025-04-07,466,53,413,22,38,4,3,15,31,7,94,119,193,0,518.7,75.1,443.6,32.8,46.0,2.5,4.3,29.1,39.2,19.9,62.2,149.0,212.3,0.2,0.8984,0.7057,0.931,0.6707,0.8261,1.6,0.6977,0.5155,0.7908,0.3518,1.5113,0.7987,0.9091,0.0
2025-04-14,512,42,470,23,23,2,0,19,21,13,104,125,228,0,530.5,79.5,451.0,36.4,47.7,2.8,4.1,31.8,40.8,22.1,59.2,150.2,219.4,0.1,0.9651,0.5283,1.0421,0.6319,0.4822,0.7143,0.0,0.5975,0.5147,0.5882,1.7568,0.8322,1.0392,0.0
2025-04-21,498,49,449,23,24,2,1,25,21,12,108,98,231,0,551.9,72.9,479.0,35.0,41.4,2.2,3.6,31.5,35.6,23.3,68.5,156.2,230.6,0.4,0.9023,0.6722,0.9374,0.6571,0.5797,0.9091,0.2778,0.7937,0.5899,0.515,1.5766,0.6274,1.0017,0.0
2025-04-28,552,73,479,41,52,5,2,21,45,10,98,123,248,0,551.7,78.3,473.4,35.7,47.1,4.4,3.9,31.2,38.8,21.8,67.5,158.6,225.1,0.4,1.0005,0.9323,1.0118,1.1485,1.104,1.1364,0.5128,0.6731,1.1598,0.4587,1.4519,0.7755,1.1017,0.0
2025-05-05,575,50,525,30,33,0,3,17,30,9,137,115,264,0,566.1,76.2,489.9,34.4,42.9,4.0,4.2,33.3,34.7,23.3,76.3,160.6,229.6,0.1,1.0157,0.6562,1.0716,0.8721,0.7692,0.0,0.7143,0.5105,0.8646,0.3863,1.7955,0.7161,1.1498,0.0
2025-05-12,489,61,428,33,41,5,0,20,36,15,79,115,219,0,574.5,77.3,497.2,36.5,46.4,3.3,3.0,30.9,40.1,23.7,72.3,175.2,225.7,0.3,0.8512,0.7891,0.8608,0.9041,0.8836,1.5152,0.0,0.6472,0.8978,0.6329,1.0927,0.6564,0.9703,0.0
2025-05-19,492,58,434,34,39,4,1,19,34,5,77,127,224,1,606.3,80.7,525.6,39.0,46.9,3.0,3.9,33.8,40.0,26.7,75.5,175.2,248.0,0.2,0.8115,0.7187,0.8257,0.8718,0.8316,1.3333,0.2564,0.5621,0.85,0.1873,1.0199,0.7249,0.9032,5.0
2025-05-26,500,62,438,40,49,5,2,13,42,8,86,105,239,0,629.1,89.4,539.7,44.2,53.1,4.2,4.8,36.3,44.1,30.8,74.5,179.1,255.1,0.2,0.7948,0.6935,0.8116,0.905,0.9228,1.1905,0.4167,0.3581,0.9524,0.2597,1.1544,0.5863,0.9369,0.0
2025-06-02,501,59,442,25,38,2,3,21,33,17,89,115,221,0,595.1,77.2,517.9,37.3,44.1,3.1,2.7,33.1,38.3,44.9,72.5,162.3,237.9,0.3,0.8419,0.7642,0.8534,0.6702,0.8617,0.6452,1.1111,0.6344,0.8616,0.3786,1.2276,0.7086,0.929,0.0
2025-06-09,560,65,495,41,45,5,3,20,37,7,97,133,258,0,623.1,92.7,530.4,46.7,57.1,3.8,4.4,35.6,48.9,22.4,72.1,178.5,257.3,0.1,0.8987,0.7012,0.9333,0.8779,0.7881,1.3158,0.6818,0.5618,0.7566,0.3125,1.3454,0.7451,1.0027,0.0
2025-06-16,479,38,441,16,26,1,3,12,22,7,66,145,223,0,620.6,90.5,530.1,48.6,58.6,3.6,4.9,31.9,50.1,25.9,75.0,173.0,256.0,0.2,0.7718,0.4199,0.8319,0.3292,0.4437,0.2778,0.6122,0.3762,0.4391,0.2703,0.88,0.8382,0.8711,0.0
2025-06-23,517,42,475,18,28,3,1,14,24,11,89,129,246,0,652.7,89.1,563.6,40.9,56.3,2.8,6.4,32.8,47.1,29.0,82.9,179.5,272.0,0.2,0.7921,0.4714,0.8428,0.4401,0.4973,1.0714,0.1562,0.4268,0.5096,0.3793,1.0736,0.7187,0.9044,0.0
2025-06-30,444,66,378,37,45,9,1,21,35,11,61,94,212,0,585.9,97.4,488.5,49.4,60.2,5.9,4.2,37.2,50.1,21.2,67.7,155.9,243.6,0.1,0.7578,0.6776,0.7738,0.749,0.7475,1.5254,0.2381,0.5645,0.6986,0.5189,0.901,0.603,0.8703,0.0
2025-07-07,428,42,386,26,22,4,1,20,17,12,70,115,189,0,607.4,84.5,522.9,41.7,54.5,3.2,5.0,30.0,46.3,26.0,76.1,163.6,257.2,0.0,0.7046,0.497,0.7382,0.6235,0.4037,1.25,0.2,0.6667,0.3672,0.4615,0.9198,0.7029,0.7348,
2025-07-14,483,51,432,18,28,1,1,23,26,15,72,110,235,0,647.2,96.8,550.4,44.0,64.3,3.6,4.5,32.5,56.2,24.5,74.4,173.8,277.6,0.1,0.7463,0.5269,0.7849,0.4091,0.4355,0.2778,0.2222,0.7077,0.4626,0.6122,0.9677,0.6329,0.8465,0.0
2025-07-21,627,47,580,24,26,3,1,21,22,22,98,171,289,0,656.6,89.9,566.7,44.7,57.3,4.5,3.8,32.6,49.0,28.3,79.1,180.5,278.8,0.0,0.9549,0.5228,1.0235,0.5369,0.4538,0.6667,0.2632,0.6442,0.449,0.7774,1.2389,0.9474,1.0366,
2025-07-28,618,48,570,24,25,1,0,23,24,18,104,141,306,1,657.3,88.5,568.8,44.4,56.8,4.0,4.2,31.7,48.6,28.8,78.7,190.0,271.2,0.1,0.9402,0.5424,1.0021,0.5405,0.4401,0.25,0.0,0.7256,0.4938,0.625,1.3215,0.7421,1.1283,10.0
2025-08-04,577,48,529,27,29,2,1,19,26,6,88,147,288,0,638.8,82.9,555.9,39.0,50.5,3.4,4.5,32.4,42.6,22.0,84.4,181.1,268.4,0.0,0.9033,0.579,0.9516,0.6923,0.5743,0.5882,0.2222,0.5864,0.6103,0.2727,1.0427,0.8117,1.073,
2025-08-11,529,33,496,14,20,3,2,13,15,21,65,136,274,0,657.4,89.9,567.5,44.3,57.3,3.8,5.4,32.6,48.1,28.7,71.2,193.9,273.6,0.1,0.8047,0.3671,0.874,0.316,0.349,0.7895,0.3704,0.3988,0.3119,0.7317,0.9129,0.7014,1.0015,0.0
2025-08-18,468,40,428,16,20,1,2,20,17,15,63,96,254,0,669.9,92.4,577.5,44.5,57.7,3.9,5.5,34.7,48.3,29.3,74.3,198.7,275.1,0.1,0.6986,0.4329,0.7411,0.3596,0.3466,0.2564,0.3636,0.5764,0.352,0.5119,0.8479,0.4831,0.9233,0.0
2025-08-25,443,49,394,14,27,1,1,22,25,10,58,80,246,0,671.9,94.6,577.3,42.3,59.1,3.7,6.0,35.5,49.4,32.2,70.8,186.8,287.3,0.2,0.6593,0.518,0.6825,0.331,0.4569,0.2703,0.1667,0.6197,0.5061,0.3106,0.8192,0.4283,0.8562,0.0
2025-09-01,423,41,382,16,24,1,4,17,19,15,47,101,219,0,619.6,89.5,530.1,41.0,55.8,3.4,4.4,33.7,48.0,28.9,67.3,171.7,262.2,0.0,0.6827,0.4581,0.7206,0.3902,0.4301,0.2941,0.9091,0.5045,0.3958,0.519,0.6984,0.5882,0.8352,
2025-09-08,450,41,409,16,22,3,2,19,17,16,49,81,263,0,657.2,88.9,568.3,39.3,53.9,3.5,3.7,35.0,46.7,28.6,74.4,188.9,276.1,0.3,0.6847,0.4612,0.7197,0.4071,0.4082,0.8571,0.5405,0.5429,0.364,0.5594,0.6586,0.4288,0.9526,0.0
2025-09-15,433,48,385,10,30,0,3,18,27,15,49,87,234,0,675.9,94.2,581.7,45.3,61.1,3.8,5.5,33.1,51.8,35.3,74.2,187.8,284.3,0.1,0.6406,0.5096,0.6619,0.2208,0.491,0.0,0.5455,0.5438,0.5212,0.4249,0.6604,0.4633,0.8231,0.0
2025-09-22,459,53,406,16,29,1,4,24,24,17,47,101,241,0,696.9,95.2,601.7,42.7,61.7,4.6,4.5,33.5,52.6,31.5,76.4,206.9,286.8,0.1,0.6586,0.5567,0.6748,0.3747,0.47,0.2174,0.8889,0.7164,0.4563,0.5397,0.6152,0.4882,0.8403,0.0
2025-09-29,405,52,353,20,28,2,2,24,24,16,32,56,249,0,657.0,91.9,565.1,43.2,59.6,2.3,4.3,32.3,53.0,28.8,74.6,182.3,279.4,0.0,0.6164,0.5658,0.6247,0.463,0.4698,0.8696,0.4651,0.743,0.4528,0.5556,0.429,0.3072,0.8912,
2025-10-06,387,34,353,13,14,1,1,20,12,12,47,73,221,0,680.2,90.5,589.7,42.6,60.0,4.9,4.0,30.5,51.1,29.3,79.2,194.5,286.7,0.0,0.569,0.3757,0.5986,0.3052,0.2333,0.2041,0.25,0.6557,0.2348,0.4096,0.5934,0.3753,0.7708,
2025-10-13,408,52,356,22,32,3,3,20,26,15,47,70,224,0,692.2,96.7,595.5,43.5,64.5,3.6,4.3,32.2,56.6,32.0,71.0,209.3,283.0,0.2,0.5894,0.5377,0.5978,0.5057,0.4961,0.8333,0.6977,0.6211,0.4594,0.4688,0.662,0.3344,0.7915,0.0
2025-10-20,375,50,325,21,25,0,2,25,23,15,40,58,212,0,709.4,101.3,608.1,49.6,67.9,4.2,4.4,33.4,59.3,31.6,70.1,208.1,298.1,0.2,0.5286,0.4936,0.5345,0.4234,0.3682,0.0,0.4545,0.7485,0.3879,0.4747,0.5706,0.2787,0.7112,0.0
2025-10-27,407,50,357,21,29,2,2,21,25,14,42,64,237,0,664.5,99.3,565.2,43.5,66.4,4.0,5.1,32.9,57.3,31.4,67.8,190.6,275.2,0.2,0.6125,0.5035,0.6316,0.4828,0.4367,0.5,0.3922,0.6383,0.4363,0.4459,0.6195,0.3358,0.8612,0.0
2025-11-03,358,47,311,16,32,4,4,15,24,11,42,71,187,0,624.5,84.9,539.6,39.9,56.9,3.7,4.1,28.0,49.1,23.7,68.5,186.0,261.2,0.2,0.5733,0.5536,0.5764,0.401,0.5624,1.0811,0.9756,0.5357,0.4888,0.4641,0.6131,0.3817,0.7159,0.0
2025-11-10,422,48,374,14,29,0,3,19,26,13,59,93,209,0,653.0,93.0,560.0,48.5,60.1,4.0,3.8,32.9,52.3,26.8,66.8,191.4,275.0,0.0,0.6462,0.5161,0.6679,0.2887,0.4825,0.0,0.7895,0.5775,0.4971,0.4851,0.8832,0.4859,0.76,
2025-11-17,500,49,451,17,30,1,3,19,26,16,56,101,278,0,668.2,87.2,581.0,42.3,58.1,2.8,5.5,29.1,49.8,26.0,70.2,207.1,277.7,0.0,0.7483,0.5619,0.7762,0.4019,0.5164,0.3571,0.5455,0.6529,0.5221,0.6154,0.7977,0.4877,1.0011,
2025-11-24,360,42,318,9,21,1,1,21,19,13,45,63,197,0,618.7,84.7,534.0,41.3,53.9,3.1,3.0,30.8,47.8,30.6,64.6,197.5,241.2,0.1,0.5819,0.4959,0.5955,0.2179,0.3896,0.3226,0.3333,0.6818,0.3975,0.4248,0.6966,0.319,0.8167,0.0
2025-12-01,385,34,351,13,17,1,2,17,14,5,69,66,211,0,646.6,81.6,565.0,40.3,55.2,3.5,4.6,26.4,47.1,27.7,62.6,201.8,272.9,0.0,0.5954,0.4167,0.6212,0.3226,0.308,0.2857,0.4348,0.6439,0.2972,0.1805,1.1022,0.3271,0.7732,
2025-12-08,389,38,351,11,20,0,1,18,19,8,57,71,215,0,634.7,77.0,557.7,36.2,49.7,2.7,3.2,27.3,43.8,28.4,69.3,194.3,265.3,0.4,0.6129,0.4935,0.6294,0.3039,0.4024,0.0,0.3125,0.6593,0.4338,0.2817,0.8225,0.3654,0.8104,0.0
2025-12-15,392,41,351,15,28,1,4,13,23,14,49,77,211,0,643.0,79.3,563.7,38.5,50.8,3.1,3.2,28.5,44.5,24.9,70.1,200.6,268.1,0.0,0.6096,0.517,0.6227,0.3896,0.5512,0.3226,1.25,0.4561,0.5169,0.5622,0.699,0.3838,0.787,
2025-12-22,349,29,320,15,18,2,2,11,14,14,41,79,186,0,535.1,69.6,465.5,36.9,42.5,2.7,3.3,27.1,36.5,23.7,61.0,168.9,211.9,0.0,0.6522,0.4167,0.6874,0.4065,0.4235,0.7407,0.6061,0.4059,0.3836,0.5907,0.6721,0.4677,0.8778,
2025-12-29,301,34,267,17,12,2,0,22,10,16,48,63,140,0,579.5,83.3,496.2,41.0,52.1,3.1,4.5,31.2,44.5,25.5,62.3,190.2,218.1,0.1,0.5194,0.4082,0.5381,0.4146,0.2303,0.6452,0.0,0.7051,0.2247,0.6275,0.7705,0.3312,0.6419,0.0
2026-01-05,365,35,330,13,17,0,1,18,16,16,45,75,194,0,535.0,68.7,466.3,33.7,46.0,3.0,4.8,22.7,38.2,21.2,61.4,165.0,218.4,0.3,0.6822,0.5095,0.7077,0.3858,0.3696,0.0,0.2083,0.793,0.4188,0.7547,0.7329,0.4545,0.8883,0.0
2026-01-12,395,32,363,13,18,0,1,14,17,9,38,99,217,0,580.9,86.4,494.5,44.1,55.3,2.4,3.4,31.1,49.5,26.1,63.2,179.9,225.1,0.2,0.68,0.3704,0.7341,0.2948,0.3255,0.0,0.2941,0.4502,0.3434,0.3448,0.6013,0.5503,0.964,0.0
2026-01-19,361,42,319,15,25,2,1,17,22,9,45,81,184,0,571.1,77.6,493.5,39.8,50.7,2.7,3.6,26.9,44.4,26.3,64.5,178.7,223.8,0.2,0.6321,0.5412,0.6464,0.3769,0.4931,0.7407,0.2778,0.632,0.4955,0.3422,0.6977,0.4533,0.8222,0.0
2026-01-26,201,22,179,10,9,0,0,13,9,5,17,41,116,0,593.8,87.4,506.4,43.2,61.1,3.2,3.9,26.3,54.0,25.3,72.0,179.9,228.8,0.4,0.3385,0.2517,0.3535,0.2315,0.1473,0.0,0.0,0.4943,0.1667,0.1976,0.2361,0.2279,0.507,0.0
2026-02-02,301,41,260,14,23,2,0,18,21,7,55,61,137,0,553.8,77.8,476.0,35.6,52.0,3.5,4.2,25.8,44.3,22.9,67.4,160.5,225.0,0.2,0.5435,0.527,0.5462,0.3933,0.4423,0.5714,0.0,0.6977,0.474,0.3057,0.816,0.3801,0.6089,0.0
2026-02-09,356,46,310,13,28,3,1,18,24,23,49,85,153,0,551.9,69.9,482.0,33.6,44.3,2.4,3.7,25.6,38.2,20.6,66.0,168.6,226.6,0.2,0.645,0.6581,0.6432,0.3869,0.6321,1.25,0.2703,0.7031,0.6283,1.1165,0.7424,0.5042,0.6752,0.0
2026-02-16,377,51,326,21,30,3,1,21,26,23,35,86,182,0,549.2,75.5,473.7,34.5,47.1,2.3,4.1,28.4,40.7,22.7,63.2,159.1,228.6,0.1,0.6865,0.6755,0.6882,0.6087,0.6369,1.3043,0.2439,0.7394,0.6388,1.0132,0.5538,0.5405,0.7962,0.0
2026-02-23,327,41,286,19,20,0,1,21,19,18,39,67,162,0,543.9,70.9,473.0,30.8,41.5,3.1,2.7,29.4,35.7,21.7,57.4,157.6,236.3,0.0,0.6012,0.5783,0.6047,0.6169,0.4819,0.0,0.3704,0.7143,0.5322,0.8295,0.6794,0.4251,0.6856,
2026-03-02,326,45,281,19,23,0,0,22,23,12,34,45,190,0,505.0,59.3,445.7,25.0,37.2,2.5,3.3,22.1,31.4,22.2,53.9,150.9,218.6,0.1,0.6455,0.7589,0.6305,0.76,0.6183,0.0,0.0,0.9955,0.7325,0.5405,0.6308,0.2982,0.8692,0.0
2026-03-09,371,57,314,23,34,1,3,23,30,14,50,53,197,0,508.7,62.2,446.5,27.8,38.4,2.6,3.7,23.8,32.1,21.2,59.1,147.2,218.9,0.1,0.7293,0.9164,0.7032,0.8273,0.8854,0.3846,0.8108,0.9664,0.9346,0.6604,0.846,0.3601,0.9,0.0
2026-03-16,386,49,337,18,20,0,1,29,19,10,42,60,225,0,514.6,65.9,448.7,28.7,39.1,2.6,3.8,26.8,32.7,20.1,60.8,143.3,224.5,0.0,0.7501,0.7436,0.7511,0.6272,0.5115,0.0,0.2632,1.0821,0.581,0.4975,0.6908,0.4187,1.0022,
2026-03-23,365,53,312,24,27,1,2,26,24,11,47,47,207,0,519.3,69.6,449.7,31.0,41.5,2.9,3.3,28.1,35.3,21.1,60.0,152.5,216.1,0.0,0.7029,0.7615,0.6938,0.7742,0.6506,0.3448,0.6061,0.9253,0.6799,0.5213,0.7833,0.3082,0.9579,
2026-03-30,396,62,334,13,29,1,2,33,26,13,39,57,225,0,512.4,63.2,449.2,27.2,37.5,3.3,4.0,25.7,30.2,23.0,64.8,149.9,211.4,0.1,0.7728,0.981,0.7435,0.4779,0.7733,0.303,0.5,1.284,0.8609,0.5652,0.6019,0.3803,1.0643,0.0
2026-04-06,340,48,292,21,29,3,4,19,22,8,35,50,199,0,513.7,72.1,441.6,30.4,43.6,2.7,5.0,28.5,35.9,19.4,63.8,145.8,212.4,0.2,0.6619,0.6657,0.6612,0.6908,0.6651,1.1111,0.8,0.6667,0.6128,0.4124,0.5486,0.3429,0.9369,0.0
2026-04-13,421,60,361,27,29,3,3,31,23,16,45,58,242,0,530.0,80.2,449.8,37.4,48.9,2.9,4.0,31.3,42.0,21.3,61.7,149.0,217.7,0.1,0.7943,0.7481,0.8026,0.7219,0.593,1.0345,0.75,0.9904,0.5476,0.7512,0.7293,0.3893,1.1116,0.0
2026-04-20,376,51,325,23,28,4,5,23,19,18,28,65,214,0,550.7,73.3,477.4,34.7,41.6,2.2,3.9,31.7,35.5,23.0,65.6,158.5,230.0,0.3,0.6828,0.6958,0.6808,0.6628,0.6731,1.8182,1.2821,0.7256,0.5352,0.7826,0.4268,0.4101,0.9304,0.0
2026-04-27,352,53,299,15,31,5,5,22,21,15,27,55,202,0,551.6,78.2,473.4,35.5,46.5,3.9,3.7,31.7,38.9,22.7,65.3,159.0,225.9,0.5,0.6381,0.6777,0.6316,0.4225,0.6667,1.2821,1.3514,0.694,0.5398,0.6608,0.4135,0.3459,0.8942,0.0
2026-05-04,375,51,324,17,25,2,2,26,21,11,38,64,211,0,562.0,77.2,484.8,35.5,43.9,4.0,4.1,33.3,35.8,23.5,77.3,156.4,227.5,0.1,0.6673,0.6606,0.6683,0.4789,0.5695,0.5,0.4878,0.7808,0.5866,0.4681,0.4916,0.4092,0.9275,0.0
2026-05-11,444,73,371,26,30,2,1,43,27,18,43,80,230,0,573.8,76.8,497.0,35.9,45.5,3.6,3.5,31.3,38.4,23.4,72.6,176.8,223.9,0.3,0.7738,0.9505,0.7465,0.7242,0.6593,0.5556,0.2857,1.3738,0.7031,0.7692,0.5923,0.4525,1.0272,0.0
2026-05-18,504,64,440,17,36,0,2,28,34,14,53,89,284,0,603.3,79.5,523.8,38.9,46.3,3.4,2.9,33.2,40.0,25.4,74.7,174.3,249.3,0.1,0.8354,0.805,0.84,0.437,0.7775,0.0,0.6897,0.8434,0.85,0.5512,0.7095,0.5106,1.1392,0.0
2026-05-25,474,62,412,23,33,1,2,29,30,14,51,95,252,0,621.1,89.4,531.7,43.1,53.5,3.9,5.5,35.9,44.1,26.6,74.4,177.7,252.9,0.1,0.7632,0.6935,0.7749,0.5336,0.6168,0.2564,0.3636,0.8078,0.6803,0.5263,0.6855,0.5346,0.9964,0.0
2026-06-01,435,73,362,21,38,2,2,35,34,14,43,91,214,0,601.9,76.2,525.7,36.9,44.5,2.8,2.7,31.7,39.0,50.5,73.3,161.1,240.3,0.5,0.7227,0.958,0.6886,0.5691,0.8539,0.7143,0.7407,1.1041,0.8718,0.2772,0.5866,0.5649,0.8906,0.0
2026-06-08,416,53,363,18,28,3,0,25,25,18,55,63,227,0,620.5,92.1,528.4,46.8,55.6,3.9,3.7,36.5,48.0,22.5,72.3,180.5,253.0,0.1,0.6704,0.5755,0.687,0.3846,0.5036,0.7692,0.0,0.6849,0.5208,0.8,0.7607,0.349,0.8972,0.0
2026-06-15,400,72,328,30,44,5,4,28,35,18,66,63,181,0,616.3,91.2,525.1,48.8,59.5,3.9,5.6,31.7,50.0,25.7,74.4,170.4,254.4,0.2,0.649,0.7895,0.6246,0.6148,0.7395,1.2821,0.7143,0.8833,0.7,0.7004,0.8871,0.3697,0.7115,0.0
2026-06-22,489,55,434,16,38,0,4,17,34,14,51,107,262,0,650.3,90.3,560.0,42.2,56.4,2.4,5.7,33.9,48.3,28.2,81.1,178.9,271.6,0.2,0.752,0.6091,0.775,0.3791,0.6738,0.0,0.7018,0.5015,0.7039,0.4965,0.6289,0.5981,0.9647,0.0
2026-06-29,409,51,358,17,24,2,2,27,20,10,40,84,224,0,599.9,94.3,505.6,46.8,60.2,5.5,4.1,34.1,50.6,21.2,70.4,165.0,248.9,0.1,0.6818,0.5408,0.7081,0.3632,0.3987,0.3636,0.4878,0.7918,0.3953,0.4717,0.5682,0.5091,0.9,0.0
2026-07-06,500,67,433,22,32,6,2,35,24,24,49,107,253,0,601.8,87.0,514.8,44.3,54.2,3.8,5.2,32.8,45.2,26.5,75.8,156.9,255.6,0.0,0.8308,0.7701,0.8411,0.4966,0.5904,1.5789,0.3846,1.0671,0.531,0.9057,0.6464,0.682,0.9898,
2026-07-13,438,60,378,27,32,3,0,28,29,15,35,81,247,0,639.0,94.8,544.2,43.4,62.3,3.3,4.9,32.5,54.1,25.1,74.5,175.7,268.8,0.1,0.6854,0.6329,0.6946,0.6221,0.5136,0.9091,0.0,0.8615,0.536,0.5976,0.4698,0.461,0.9189,0.0
2026-07-20,514,65,449,29,38,1,4,27,33,11,51,115,272,0,654.2,91.0,563.2,44.3,57.8,4.3,3.8,33.2,49.7,27.6,77.5,175.5,282.6,0.0,0.7857,0.7143,0.7972,0.6546,0.6574,0.2326,1.0526,0.8133,0.664,0.3986,0.6581,0.6553,0.9625,
2026-07-27,455,48,407,28,24,4,2,24,18,13,51,95,247,1,676.2,90.2,586.0,44.7,58.7,4.5,4.0,31.5,50.2,29.0,80.3,196.0,280.6,0.1,0.6729,0.5322,0.6945,0.6264,0.4089,0.8889,0.5,0.7619,0.3586,0.4483,0.6351,0.4847,0.8803,10.0
2026-08-03,477,63,414,22,36,4,2,27,30,17,48,110,239,0,624.4,83.7,540.7,39.2,50.6,3.6,4.6,33.1,42.4,22.7,83.4,176.3,258.3,0.0,0.7639,0.7527,0.7657,0.5612,0.7115,1.1111,0.4348,0.8157,0.7075,0.7489,0.5755,0.6239,0.9253,
2026-08-10,455,47,408,23,35,1,1,12,33,19,47,103,239,0,653.5,86.0,567.5,42.7,55.2,3.6,5.1,30.8,46.5,26.5,72.8,190.4,277.8,0.0,0.6963,0.5465,0.7189,0.5386,0.6341,0.2778,0.1961,0.3896,0.7097,0.717,0.6456,0.541,0.8603,
2026-08-17,478,43,435,16,27,3,1,16,23,29,54,107,245,0,676.8,91.5,585.3,43.5,56.8,3.2,5.5,34.7,48.1,30.5,74.2,202.0,278.4,0.2,0.7063,0.4699,0.7432,0.3678,0.4754,0.9375,0.1818,0.4611,0.4782,0.9508,0.7278,0.5297,0.88,0.0
2026-08-24,536,53,483,27,25,2,1,28,22,26,61,134,261,1,671.6,94.3,577.3,43.7,59.4,4.3,5.9,34.9,49.2,32.2,72.3,190.9,281.7,0.2,0.7981,0.562,0.8367,0.6178,0.4209,0.4651,0.1695,0.8023,0.4472,0.8075,0.8437,0.7019,0.9265,5.0
2026-08-31,521,66,455,21,31,0,3,35,28,17,60,113,265,0,620.1,92.3,527.8,41.6,57.8,3.6,4.8,34.5,49.4,28.4,66.5,170.0,262.9,0.0,0.8402,0.7151,0.8621,0.5048,0.5363,0.0,0.625,1.0145,0.5668,0.5986,0.9023,0.6647,1.008,
2026-09-07,503,65,438,20,44,2,1,21,41,18,67,95,258,0,652.2,89.4,562.8,40.5,53.5,3.6,3.9,35.9,46.0,28.8,72.2,184.9,276.6,0.3,0.7712,0.7271,0.7783,0.4938,0.8224,0.5556,0.2564,0.585,0.8913,0.625,0.928,0.5138,0.9328,0.0
2026-09-14,509,64,445,25,36,0,2,28,34,17,75,111,242,0,676.9,93.3,583.6,44.0,60.0,3.8,5.4,33.3,50.8,35.1,76.0,190.8,281.6,0.1,0.752,0.686,0.7625,0.5682,0.6,0.0,0.3704,0.8408,0.6693,0.4843,0.9868,0.5818,0.8594,0.0
2026-09-21,524,72,452,25,35,1,1,37,33,11,82,92,267,0,698.1,95.8,602.3,43.1,63.6,4.7,4.3,32.2,54.6,31.5,75.8,205.2,289.7,0.1,0.7506,0.7516,0.7505,0.58,0.5503,0.2128,0.2326,1.1491,0.6044,0.3492,1.0818,0.4483,0.9216,0.0
